;BookURI;Title;Weblink ;Birth date;Deathdate;Author;Editor;Publisher;Place;Country;Year;Chapter;Section
;255;كتاب التوحيد;https://www.shamela.ws/index.php/book/11318;1703;1792;محمد بن عبد الوهاب;عبد العزيز بن عبد الرحمن السعيد; جامعة الإمام محمد بن سعود;الرياض;السعودية ;1978;1;
;250; كشف الشبهات;http://shamela.ws/index.php/book/30850;1703;1792;محمد بن عبد الوهاب;n/a; وزارة الشؤون الإسلامية والأوقاف والدعوة والإرشاد;الرياض;السعودية ;1997;1;
;236; ثلاثة الأصول;http://shamela.ws/index.php/book/11126;1703;1792;محمد بن عبد الوهاب;ناصر بن عبد الله الطريم، سعود بن محمد البشر، عبد الكريم محمد اللاحم; جامعة الإمام محمد بن سعود;الرياض;السعودية ;1978;1;
;233; القواعد الأربع;http://shamela.ws/index.php/book/8524;1703;1792;محمد بن عبد الوهاب;عبد العزيز بن عبد الرحمن السعيد وغيره; جامعة الإمام محمد بن سعود;الرياض;السعودية ;1978;1;
;238; فضل الإسلام;http://shamela.ws/index.php/book/11221;1703;1792;محمد بن عبد الوهاب;إسماعيل الأنصاري، محمد عيد، عبد العزيز بن إبراهيم الفريح; جامعة الإمام محمد بن سعود;الرياض;السعودية ;1978;1;
;226; أصول الإيمان;http://shamela.ws/index.php/book/7504;1703;1792;محمد بن عبد الوهاب;إسماعيل الأنصاري وغيره; جامعة الإمام محمد بن سعود;الرياض;السعودية ;1978;1;
;248; مفيد المستفيد في كفر تارك التوحيد;http://shamela.ws/index.php/book/12078;1703;1792;محمد بن عبد الوهاب;إسماعيل بن محمد الأنصاري; جامعة الإمام محمد بن سعود;الرياض;السعودية ;1978;1;
;244; مجموعة رسائل في التوحيد والإيمان;http://shamela.ws/index.php/book/11381;1703;1792;محمد بن عبد الوهاب;إسماعيل بن محمد الأنصاري; جامعة الإمام محمد بن سعود;الرياض;السعودية ;1978;1;
;234;الكبائر;http://shamela.ws/index.php/book/8531;1703;1792;محمد بن عبد الوهاب;إسماعيل بن محمد الأنصاري; جامعة الإمام محمد بن سعود;الرياض;السعودية ;1978;1;
;220; مختصر الإنصاف والشرح الكبير;http://shamela.ws/index.php/book/1685;1703;1792;محمد بن عبد الوهاب;عبد العزيز بن زيد الرومي،  محمد بلتاجي،  سيد حجاب; مطابع الرياض;الرياض;السعودية ;1978;1;
;225; أربع قواعد تدور الأحكام عليها;http://shamela.ws/index.php/book/7499;1703;1792;محمد بن عبد الوهاب;عبد العزيز بن زيد الرومي، صالح بن محمد الحسن; جامعة الإمام محمد بن سعود;الرياض;السعودية ;1978;1;
;243; مبحث الاجتهاد والخلاف;http://shamela.ws/index.php/book/11369;1703;1792;محمد بن عبد الوهاب;عبد الرحمن بن محمد السدحان، عبد الله بن عبد الرحمن الجبرين; جامعة الإمام محمد بن سعود;الرياض;السعودية ;1978;1;
;232; الطهارة;https://www.shamela.ws/index.php/book/8383;1703;1792;محمد بن عبد الوهاب;صالح بن عبد الرحمن الأطرم، محمد بن عبد الرزاق الدويش; جامعة الإمام محمد بن سعود;الرياض;السعودية ;1978;1;
;239; شروط الصلاة وأركانها وواجباتها;http://shamela.ws/index.php/book/11266;1703;1792;محمد بن عبد الوهاب;عبد العزيز بن زيد الرومي، صالح بن محمد الحسن; جامعة الإمام محمد بن سعود;الرياض;السعودية ;1978;1;
;224; آداب المشي إلى الصلاة;https://www.shamela.ws/index.php/book/7495;1703;1792;محمد بن عبد الوهاب;عبد الكريم بن محمد اللاحم وغيره; جامعة الإمام محمد بن سعود;الرياض;السعودية ;1978;1;
;223; أحكام تمني الموت;http://shamela.ws/index.php/book/7489;1703;1792;محمد بن عبد الوهاب;عبد الرحمن بن محمد السدحان، عبد الله بن عبد الرحمن الجبرين; جامعة الإمام محمد بن سعود;الرياض;السعودية ;1978;1;
;254; مختصر سيرة الرسول صلى الله عليه وسلم;http://shamela.ws/index.php/book/31465;1703;1792;محمد بن عبد الوهاب;n/a; وزارة الشئون الإسلامية والأوقاف والدعوة والإرشاد;الرياض;السعودية ;1997;1;
;241; فتاوى ومسائل;http://shamela.ws/index.php/book/11324;1703;1792;محمد بن عبد الوهاب;صالح بن عبدالرحمن الأطرم، محمد بن عبدالرزاق الدويش; جامعة الإمام محمد بن سعود;الرياض;السعودية ;1978;1;
;257; تفسير آيات من القرآن الكريم;http://shamela.ws/index.php/book/11099;1703;1792;محمد بن عبد الوهاب; الدكتور محمد بلتاجي; جامعة الإمام محمد بن سعود;الرياض;السعودية ;1978;1;
;242; فضائل القرآن لمحمد بن عبد الوهاب;http://shamela.ws/index.php/book/11328;1703;1792;محمد بن عبد الوهاب;عبد العزيز بن زيد الرومي، وصالح بن محمد الحسين; جامعة الإمام محمد بن سعود;الرياض;السعودية ;1978;1;
;253; مختصر زاد المعاد;http://shamela.ws/index.php/book/31457;1703;1792;محمد بن عبد الوهاب;n/a; دار الريان للتراث القاهرة;القاهرة;مصر;1987;1;
;229; الرسائل الشخصية;http://shamela.ws/index.php/book/7629;1703;1792;محمد بن عبد الوهاب;صالح بن فوزان بن عبدالله الفوزان، محمد بن صالح العيلقي; جامعة الإمام محمد بن سعود;الرياض;السعودية ;1978;1;
;247; مجموعة الحديث على أبواب الفقه;http://shamela.ws/index.php/book/12061;1703;1792;محمد بن عبد الوهاب;خليل إبراهيم ملا خاطر; جامعة الإمام محمد بن سعود;الرياض;السعودية ;1978;1;
;246; مسائل لخصها الشيخ محمد بن عبد الوهاب من كلام بن تيمية;https://www.shamela.ws/index.php/book/11572;1703;1792;محمد بن عبد الوهاب;محمد بن عبد العزيز النمي، فهد بن حمين الفهد; جامعة الإمام محمد بن سعود;الرياض;السعودية ;1978;1;
;258;مختصر تفسير سورة الأنفال;http://shamela.ws/index.php/book/11383;1703;1792;محمد بن عبد الوهاب; ناصر بن سعد الرشيد; جامعة الإمام محمد بن سعود;الرياض;السعودية ;1978;1;
;235; بعض فوائد صلح الحديبية;http://shamela.ws/index.php/book/11070;1703;1792;محمد بن عبد الوهاب;ناصر بن سعد الرشيد; جامعة الإمام محمد بن سعود;الرياض;السعودية ;1978;1;
;237; رسالة في الرد على الرافضة;http://shamela.ws/index.php/book/11217;1703;1792;محمد بن عبد الوهاب;ناصر بن سعد الرشيد; جامعة الإمام محمد بن سعود;الرياض;السعودية ;1978;1;
;228; الخطب المنبرية;http://shamela.ws/index.php/book/7612;1703;1792;محمد بن عبد الوهاب;صالح بن عبد الرحمن الأطرم، محمد بن عبد الرزاق الدويش; جامعة الإمام محمد بن سعود;الرياض;السعودية ;1978;1;
;;;;;;;;;;;;;
;;;;;;;;;;;;;
;;;;;;;;;;;;;
;221; أحاديث في الفتن والحوادث;http://shamela.ws/index.php/book/7485;1703;1792;محمد بن عبد الوهاب;محمد محرز حسن سلامة، محمد شوقي خضر; جامعة الإمام محمد بن سعود;الرياض;السعودية ;1978;0;
;251; رسالة لشيخ الإسلام محمد بن عبد الوهاب يجيب فيها عن سؤال حول معنى لا إله إلا الله;http://shamela.ws/index.php/book/30882;1703;1792;محمد بن عبد الوهاب;n/a; الكتاب منشور على موقع وزارة الأوقاف السعودية بدون بيانات;الرياض;السعودية ;;0;
;240; التوحيد لابن عبد الوهاب;http://shamela.ws/index.php/book/11318;1703;1792;محمد بن عبد الوهاب;عبد العزيز بن عبد الرحمن السعيد وغيره; جامعة الإمام محمد بن سعود;الرياض;السعودية ;;0;
;222; أحاديث في الفتن والحوادث ط الق;http://shamela.ws/browse.php/book-7485;1703;1792;محمد بن عبد الوهاب;n/a; دار الق;;السعودية ;1995;0;
;249; منسك الحج;http://shamela.ws/index.php/book/12092;1703;1792;محمد بن عبد الوهاب;بندر بن نافع العبدلي; دار الوطن للنشر;;السعودية ;2002;0;
;230; الرسالة المفيدة;http://shamela.ws/index.php/book/7637;1703;1792;محمد بن عبد الوهاب;محمد بن عبد العزيز المانع; رئاسة إدراة البحوث العلمية والإفتاء والدعوة والإرشاد;الرياض;السعودية ;;0;
;218; أصول الإيمان;http://shamela.ws/index.php/book/1395;1703;1792;محمد بن عبد الوهاب;: ب فيصل الجوابرة; وزارة الشؤون الإسلامية والأوقاف والدعوة والإرشاد;الرياض;السعودية ;1999;0;
;219; الكبائر;http://shamela.ws/index.php/book/1467;1703;1792;محمد بن عبد الوهاب;ب فيصل الجوابرة; وزارة الشؤون الإسلامية والأوقاف والدعوة والإرشاد;الرياض;السعودية ;1999;0;
;256;الكبائر;http://shamela.ws/index.php/book/1467;1703;1792;محمد بن عبد الوهاب; عبد العزيز بن عبد الرحمن السعيد وغيره; وزارة الشؤون الإسلامية والأوقاف والدعوة والإرشاد;الرياض;السعودية ;1999;0;
;245; ثلاثة الأصول وشروط الصلاة والقواعد الأربع;http://shamela.ws/browse.php/book-239;1703;1792;محمد بن عبد الوهاب;n/a; وزارة الشئون الإسلامية والأوقاف والدعوة والإرشاد;الرياض;السعودية ;2000;0;
;252; آداب المشي إلى الصلاة;http://shamela.ws/index.php/book/31246;1703;1792;محمد بن عبد الوهاب;n/a; وزارة الشئون الإسلامية والأوقاف والدعوة والإرشاد;الرياض;السعودية ;1999;0;
;217; أصول الدين الإسلامي مع قواعده الأربع;http://shamela.ws/index.php/book/350;1703;1792;محمد بن عبد الوهاب;محمد الطيب بن إسحاق الأنصاري;دار الحديث الخيرية;مكة;السعودية ;;0;
;227; الجواهر المضية;http://shamela.ws/index.php/book/7603;1703;1792;محمد بن عبد الوهاب;n/a;دار العاصمة;الرياض;السعودية ;1991;0;
;231; مسائل الجاهلية (الأصل دون زيادات محمود شكري الألوسي;http://shamela.ws/index.php/book/8137;1703;1792;محمد بن عبد الوهاب;;;;;;3;
;;;;;;;;;;;;;
;;;;;;;;;;;;;
;;;;;;;;;;;;;
;261;التوضيح عن توحيد الخلاق في جواب أهل العراق وتذكرة أولي الألباب في طريقة الشيخ محمد بن عبد الوهاب;http://shamela.ws/index.php/book/7597;;1817;سليمان بن عبد الله بن محمد بن عبد الوهاب;n/a;دار طيبة;الرياض;السعودية ;1984;2;1
;263;الدلائل في حكم موالاة أهل الإشراك;http://shamela.ws/index.php/book/12827;;1817;سليمان بن عبد الله بن محمد بن عبد الوهاب;تقديم ومراجعة: الوليد بن عبد الرحمن الفريان; مكتبة دار الهداية;الرياض;السعودية ;2002;2;1
;270;تيسير العزيز الحميد في شرح كتاب التوحيد الذى هو حق الله على العبيد;http://shamela.ws/index.php/book/2378;;1817;سليمان بن عبد الله بن محمد بن عبد الوهاب;المحقق: زهير الشاويش; المكتب الاسلامي، بيروت، دمشق;;سوريا;2002;2;1
;267;العقد الثمين في شرح أحاديث أصول الدين;http://shamela.ws/index.php/book/8514;;1810;حسين بن غنّام النجدي الأحسائي المالكي;المحقق: محمد بن عبد الله الهبدان;فهرسة مكتبة الملك فهد الوطنية;;السعودية ;2003;2;1
;;;;;;;;;;;;;
;281;منحة القريب المجيب في الرد على عباد الصليب;http://shamela.ws/index.php/book/10895;1788;1828; عبد العزيز بن حمد بن ناصر بن عثمان آل معمر;محمد بن عبد الله بن حمد السكاكر;الامانة العامة للاحتفال بمرور مائة عام على تأسيس;الرياض;السعودية ;1999;2;2
;280;المقامات;http://shamela.ws/index.php/book/8561;1779;1868;عبد الرحمن بن حسن بن محمد بن عبد الوهاب;عبدالله بن محمد المطوع;n/a;الرياض;السعودية ;2005;2;2
;272;رحلة الصديق إلى البلد العتيق;http://shamela.ws/index.php/book/17101;1832;1890;محمد صديق خان;نور الدين طالب (دار النولدر); وزارة الأوقاف والشؤون الإسلامية;الدوحة;قطر;2007;2;3
;274;فتييان تتعلقان بتكفير الجهمية وأن الصلاة لا تصح خلف من لا يكفر الجهمية ومسائل اخرى;http://shamela.ws/index.php/book/6515;1863;1911;إبراهيم بن عبد اللطيف آل الشيخ وعبدالله بن عبد اللطيف آل الشيخ وسليمان بن سحمان الخثعمي;عبد العزيز بن عبد الله الزير آل حمد;دار العاصمة ;الرياض;السعودية ;1994;3;1
;;;;;;;;;;;;;
;265;الصواعق المرسلة الشهابية على الشبه الداحضة الشامية;http://shamela.ws/index.php/book/7663;1849;1930;سليمان بن سحمان;n/a;دار العاصمة، الرياض، المملكة العربية السعودية;;السعودية ;1988;3;1
;266;الضياء الشارق في رد شبهات الماذق المارق;http://shamela.ws/index.php/book/7664;1849;1930;سليمان بن سحمان;عبد السلام بن برجس بن ناصر بن عبد الكريم;رئاسة إدارة البحوث العلمية والإفتاء، الرياض، المملكة العربية السعودية;;السعودية ;1992;3;1
;268;تميز الصدق من المين في محاورة الرجلين;http://shamela.ws/index.php/book/6488;1849;1930;سليمان بن سحمان;عبد العزيز بن عبد الله الزير آل حمد;دار العاصمة - السعودية;;السعودية ;1994;3;1
;269;تنبيه ذوي الألباب السليمة عن والوقوع في الألفاظ المبتدعة الوخيمة;http://shamela.ws/index.php/book/11123;1849;1930;سليمان بن سحمان;n/a;دار العاصمة - الرياض، المملكة العربية السعودية;;السعودية ;1989;3;1
;259;إقامة الحجة والدليل وإيضاح المحجة والسبيل;http://shamela.ws/index.php/book/7516;1849;1930;سليمان بن سحمان;المحقق: عبد السلام بن برجس بن ناصر العبد الكريم;دار العاصمة;;السعودية ;1989;3;1
;260;البيان المبدي لشناعة القول المجدي;http://shamela.ws/index.php/book/7568;1849;1930;سليمان بن سحمان;n/a;مطبع القرآن والسنة الواقع في بلدة أنر تسر;;السعودية ;1897;3;1
;275;كشف الأوهام والإلتباس عن تشبيه بعض الأغبياء من الناس;http://shamela.ws/index.php/book/6504;1849;1930;سليمان بن سحمان;عبد العزيز بن عبد الله الزير آل حمد;دار العاصمة;;السعودية ;1994;3;1
;276;كشف الشبهتين;http://shamela.ws/index.php/book/11352;1849;1930;سليمان بن سحمان;عبد السلام بن برجس بن ناصر;دار العاصمة;;السعودية ;1987;3;1
;277;كشف غياهب الظلام عن أوهام جلاء الأوهام وبراءة الشيخ محمد بن عبد الوهاب عن مفتريات هذا الملحد الكذاب;http://shamela.ws/index.php/book/11353;1849;1930;سليمان بن سحمان;n/a;أضواء السلف;;مصر;2005;3;1
;282; منهاج أهل الحق والاتباع في مخالفة أهل الجهل والابتداع;http://shamela.ws/index.php/book/12091;1849;1930;سليمان بن سحمان;المحقق: عبد السلام بن برجس العبد الكريم;مكتبة الفرقان;;مصر;2001;3;1
;284; نظم اختيارات شيخ الإسلام ابن تيمية;http://shamela.ws/index.php/book/3940;1849;1930;سليمان بن سحمان;n/a;n/a;;;;3;1
;285; نظم ما انفرد به شيخ الإسلام ابن تيمية عن الأئمة الأربعة;http://shamela.ws/index.php/book/3727;1849;1930;سليمان بن سحمان;n/a;n/a;;;;3;1
;;;;;;;;;;;;;
;283; موسوعة الأعمال الكاملة للإمام محمد الخضر حسين;http://shamela.ws/index.php/book/14579;1876;1958; الإمام محمد الخضر حسين;علي الرضا الحسيني;دار النوادر;دمشق;سوريا;2010;3;2
;271;خلاصة الأثر في أعيان القرن الحادي عشر;http://shamela.ws/index.php/book/6678;1651;1699;محمد أمين بن فضل الله بن محب الدين بن محمد المحبي الحموي الأصل، الدمشقي;n/a;دار صادر;بيروت;لبنان;1868;0;
;273; سلك الدرر في أعيان القرن الثاني عشر;http://shamela.ws/index.php/book/9607;1759;1791;محمد خليل بن علي بن محمد بن محمد مراد الحسيني، أبو الفضل;n/a; دار البشائر الإسلامية، دار ابن حزم;بيروت;لبنان;1988;0;
;279;مشاهير علماء نجد وغيرهم;http://shamela.ws/index.php/book/11575;1913; ;عبد الرحمن بن عبد اللطيف بن عبد الله بن عبد اللطيف بن عبد الرحمن بن حسن بن محمد بن عبد الوهاب;n/a; دار اليمامة للبحث والترجمة والنشر;الرياض;السعودية ;1972;0;
;264;الدين العالمي ومنهج الدعوة إليه;http://shamela.ws/index.php/book/95667;1914;2006;عطية صقر;n/a;الازهر مجمع البحوث الإسلامية;القاهرة;مصر;1970;0;
;;;;;;;;;;;;;
;;;;;;;;;;;;;
;;;;;;;;;;;;;
;286;1مجلة المنار;http://shamela.ws/index.php/book/6947;1865;1935;محمد رشيد رضا;محمد رشيد رضا;مطبعة المنار;القاهرة;مصر;1898;3;1
;287;مجلة المنار2;http://shamela.ws/index.php/book/6947;1865;1935;محمد رشيد رضا;محمد رشيد رضا;مطبعة المنار;القاهرة;مصر;1899;3;1
;288;مجلة المنار3    ;http://shamela.ws/index.php/book/6947;1865;1935;محمد رشيد رضا;محمد رشيد رضا;مطبعة المنار;القاهرة;مصر;1900;3;1
;289;مجلة المنار4;http://shamela.ws/index.php/book/6947;1865;1935;محمد رشيد رضا;محمد رشيد رضا;مطبعة المنار;القاهرة;مصر;1901;3;1
;290;مجلة المنار5;http://shamela.ws/index.php/book/6947;1865;1935;محمد رشيد رضا;محمد رشيد رضا;مطبعة المنار;القاهرة;مصر;1902;3;1
;291;مجلة المنار6;http://shamela.ws/index.php/book/6947;1865;1935;محمد رشيد رضا;محمد رشيد رضا;مطبعة المنار;القاهرة;مصر;1903;3;1
;292;مجلة المنار7;http://shamela.ws/index.php/book/6947;1865;1935;محمد رشيد رضا;محمد رشيد رضا;مطبعة المنار;القاهرة;مصر;1904;3;1
;293;مجلة المنار8;http://shamela.ws/index.php/book/6947;1865;1935;محمد رشيد رضا;محمد رشيد رضا;مطبعة المنار;القاهرة;مصر;1905;3;1
;294;مجلة المنار9;http://shamela.ws/index.php/book/6947;1865;1935;محمد رشيد رضا;محمد رشيد رضا;مطبعة المنار;القاهرة;مصر;1906;3;1
;295;مجلة المنار10;http://shamela.ws/index.php/book/6947;1865;1935;محمد رشيد رضا;محمد رشيد رضا;مطبعة المنار;القاهرة;مصر;1907;3;1
;296;مجلة المنار11;http://shamela.ws/index.php/book/6947;1865;1935;محمد رشيد رضا;محمد رشيد رضا;مطبعة المنار;القاهرة;مصر;1908;3;1
;297;مجلة المنار12;http://shamela.ws/index.php/book/6947;1865;1935;محمد رشيد رضا;محمد رشيد رضا;مطبعة المنار;القاهرة;مصر;1909;3;1
;298;مجلة المنار13;http://shamela.ws/index.php/book/6947;1865;1935;محمد رشيد رضا;محمد رشيد رضا;مطبعة المنار;القاهرة;مصر;1910;3;1
;299;مجلة المنار14;http://shamela.ws/index.php/book/6947;1865;1935;محمد رشيد رضا;محمد رشيد رضا;مطبعة المنار;القاهرة;مصر;1911;3;1
;300;مجلة المنار15;http://shamela.ws/index.php/book/6947;1865;1935;محمد رشيد رضا;محمد رشيد رضا;مطبعة المنار;القاهرة;مصر;1912;3;1
;301;مجلة المنار16;http://shamela.ws/index.php/book/6947;1865;1935;محمد رشيد رضا;محمد رشيد رضا;مطبعة المنار;القاهرة;مصر;1913;3;1
;302;مجلة المنار17;http://shamela.ws/index.php/book/6947;1865;1935;محمد رشيد رضا;محمد رشيد رضا;مطبعة المنار;القاهرة;مصر;1913;3;1
;303;مجلة المنار18;http://shamela.ws/index.php/book/6947;1865;1935;محمد رشيد رضا;محمد رشيد رضا;مطبعة المنار;القاهرة;مصر;1915;3;1
;304;مجلة المنار19;http://shamela.ws/index.php/book/6947;1865;1935;محمد رشيد رضا;محمد رشيد رضا;مطبعة المنار;القاهرة;مصر;1916;3;1
;305;مجلة المنار20;http://shamela.ws/index.php/book/6947;1865;1935;محمد رشيد رضا;محمد رشيد رضا;مطبعة المنار;القاهرة;مصر;1917;3;1
;306;مجلة المنار21;http://shamela.ws/index.php/book/6947;1865;1935;محمد رشيد رضا;محمد رشيد رضا;مطبعة المنار;القاهرة;مصر;1918;3;1
;307;مجلة المنار22;http://shamela.ws/index.php/book/6947;1865;1935;محمد رشيد رضا;محمد رشيد رضا;مطبعة المنار;القاهرة;مصر;1920;3;1
;308;مجلة المنار23;http://shamela.ws/index.php/book/6947;1865;1935;محمد رشيد رضا;محمد رشيد رضا;مطبعة المنار;القاهرة;مصر;1922;3;1
;309;مجلة المنار24;http://shamela.ws/index.php/book/6947;1865;1935;محمد رشيد رضا;محمد رشيد رضا;مطبعة المنار;القاهرة;مصر;1923;3;1
;310;مجلة المنار25;http://shamela.ws/index.php/book/6947;1865;1935;محمد رشيد رضا;محمد رشيد رضا;مطبعة المنار;القاهرة;مصر;1924;3;1
;311;مجلة المنار26;http://shamela.ws/index.php/book/6947;1865;1935;محمد رشيد رضا;محمد رشيد رضا;مطبعة المنار;القاهرة;مصر;1925;3;1
;312;مجلة المنار27;http://shamela.ws/index.php/book/6947;1865;1935;محمد رشيد رضا;محمد رشيد رضا;مطبعة المنار;القاهرة;مصر;1926;3;2
;313;مجلة المنار28;http://shamela.ws/index.php/book/6947;1865;1935;محمد رشيد رضا;محمد رشيد رضا;مطبعة المنار;القاهرة;مصر;1927;3;2
;314;مجلة المنار29;http://shamela.ws/index.php/book/6947;1865;1935;محمد رشيد رضا;محمد رشيد رضا;مطبعة المنار;القاهرة;مصر;1928;3;2
;315;مجلة المنار30;http://shamela.ws/index.php/book/6947;1865;1935;محمد رشيد رضا;محمد رشيد رضا;مطبعة المنار;القاهرة;مصر;1929;3;2
;316;مجلة المنار31;http://shamela.ws/index.php/book/6947;1865;1935;محمد رشيد رضا;محمد رشيد رضا;مطبعة المنار;القاهرة;مصر;1930;3;2
;317;مجلة المنار32;http://shamela.ws/index.php/book/6947;1865;1935;محمد رشيد رضا;محمد رشيد رضا;مطبعة المنار;القاهرة;مصر;1931;3;2
;318;مجلة المنار33;http://shamela.ws/index.php/book/6947;1865;1935;محمد رشيد رضا;محمد رشيد رضا;مطبعة المنار;القاهرة;مصر;1933;3;2
;319;مجلة المنار34;http://shamela.ws/index.php/book/6947;1865;1935;محمد رشيد رضا;محمد رشيد رضا;مطبعة المنار;القاهرة;مصر;1934;3;2
;320;مجلة المنار35;http://shamela.ws/index.php/book/6947;1865;1935;محمد رشيد رضا;محمد رشيد رضا;مطبعة المنار;القاهرة;مصر;1935;3;2
;;;;;;;;;;;;;
;4; تدريب الدعاة على الأساليب البيانية;http://shamela.ws/index.php/book/10056;1958; ; عبد الرب بن نواب الدين بن غريب الدين آل نواب;n/a;الجامعة الاسلامية;المدينة;السعودية ;2004;5;
;12;أصول الدعوة وطرقها 4;http://shamela.ws/index.php/book/10369;n/a; ; مناهج جامعة المدينة العالمية;n/a; جامعة المدينة العالمية;المدينة;السعودية ;2008;5;
;20; أهداف دعوة الشيخ محمد بن عبد الوهاب;http://shamela.ws/index.php/book/10847;1956; ; إبراهيم بن عثمان الفارس;n/a; دار العاصمة;الرياض;السعودية ;1989;5;
;23; تأثر الدعوات الإصلاحية في أندونيسيا بدعوة الشيخ محمد بن عبد الوهاب (مطبوع ضمن بحوث ندوة دعوة الشيخ محمد بن عبد الوهاب);http://shamela.ws/index.php/book/11076;; ; نجيح عبد الله;n/a; عمادة البحث العلمي بجامعة الإمام محمد بن سعود الإسلامية;الرياض;السعودية ;1991;4;
;24; تأملات في دعوة الشيخ محمد بن عبد الوهاب;http://shamela.ws/index.php/book/11085;1940; ; عبد الله بن عبد المحسن بن عبد الرحمن التركي;n/a; وزارة الشؤون الإسلامية والأوقاف والدعوة والإرشاد;الرياض;السعودية ;1998;4;
;25;أصول الدعوة وطرقها 1;http://shamela.ws/index.php/book/11136;n/a; ; مناهج جامعة المدينة العالمية;n/a; جامعة المدينة العالمية;المدينة;السعودية ;2008;5;
;26; دعاوي المناوئين لدعوة الشيخ محمد بن عبد الوهاب;http://shamela.ws/index.php/book/11186;1960; ; عبد العزيز بن محمد بن علي آل عبد اللطيف;n/a; دار الوطن;الرياض;السعودية ;1991;5;
;44;أصول الدعوة وطرقها 3;http://shamela.ws/index.php/book/12164;n/a; ; مناهج جامعة المدينة العالمية;n/a; جامعة المدينة العالمية;المدينة;السعودية ;2008;5;
;46; أساليب دعوة العصاة;http://shamela.ws/index.php/book/12194;1958;  ; عبد الرب بن نواب الدين بن غريب الدين آل نواب;n/a; الجامعة الاسلامية;المدينة ;السعودية ;2003;5;
;47; أصول الدعوة;http://shamela.ws/index.php/book/22615;n/a; ; مناهج جامعة المدينة العالمية;n/a; جامعة المدينة العالمية;المدينة;السعودية ;2008;5;
;56; الأصول العلمية للدعوة السلفية;http://shamela.ws/index.php/book/12826;1939;  ; عبد الرحمن بن عبد الخالق اليوسف;n/a; الدار السلفية;الكويت;الكويت;1977;4;
;65; سماحة الإسلام في الدعوة إلى الله والعلاقات الإنسانية منهاجا ... وسيرة;http://shamela.ws/index.php/book/1411;1931;2008;عبد العظيم إبراهيم محمد المطعني;n/a; مكتبة وهبة;القاهرة;مصر;1993;4;
;72; الأنوار النعمانية في الدعوة الربانية;http://shamela.ws/index.php/book/21011;1963;  ; محمد علي محمد إمام;n/a; مطبعة السلام ميت غمر;القاهرة;مصر;2011;5;
;75; ماذا خسر العالم بانحطاط المسلمين;http://shamela.ws/index.php/book/21575;1914;1999;علي أبو الحسن بن عبد الحي بن فخر الدين الندوي;n/a; مكتبة الإيمان;المنصورة;مصر;1945;3;2
;76; زاد الداعية إلى الله (مطبوع ضمن كتاب الصيد الثمين في رسائل ابن عثيمين);http://shamela.ws/index.php/book/21579;1929;2001;محمد بن صالح بن محمد العثيمين;n/a; دار الثقة للنشر والتوزيع;المكة;السعودية ;1992;4;
;81; الدعوة إلى الله وأخلاق الدعاة;http://shamela.ws/index.php/book/22565;1910;1999;عبد العزيز بن عبد الله بن باز;n/a; رئاسة إدارة البحوث العلمية والإفتاء;الرياض;السعودية ;2002;4;
;82; أصول الدعوة;http://shamela.ws/index.php/book/22615;1917;2014; عبد الكريم زيدان;n/a; مؤسسة الرسالة;بيروت;لبنان;2001;4;
;83; أساليب الدعوة إلى الله في القرآن الكريم;http://shamela.ws/index.php/book/22748;;  ; أبو المجد سيد نوفل;n/a; مجلة الجامعة الإسلامية;المدينة;السعودية ;;4;
;88; دليل الداعية;http://shamela.ws/index.php/book/23103;;  ; ناجي بن دايل السلطان;n/a; دار طيبة الخضراء;;السعودية ;1999;5;
;100; الأمة الوسط والمنهاج النبوي في الدعوة إلى الله;http://shamela.ws/index.php/book/30910;1940;  ; عبد الله بن عبد المحسن بن عبد الرحمن التركي;n/a; وزارة الشؤون الإسلامية والأوقاف والدعوة والإرشاد;;السعودية ;1997;4;
;102; البصيرة في الدعوة إلى الله;http://shamela.ws/index.php/book/30916;;  ; عزيز بن فرحان العنزي;n/a; دار الإمام مالك أبو ظبي;;الإمارات;2005;5;
;103; التدرج في دعوة النبي;http://shamela.ws/index.php/book/30918;1959;  ; إبراهيم بن عبد الله المطلق;n/a; وزارة الشئون الإسلامية والأوقاف والدعوة والإرشاد مركز البحوث والدراسات الإسلامية;الرياض;السعودية ;1996;5;
;104; الحكمة في الدعوة إلى الله تعالى;http://shamela.ws/index.php/book/30919;1951;2018;سعيد بن علي بن وهف القحطاني;n/a; وزارة الشؤون الإسلامية والأوقاف والدعوة والإرشاد;الرياض;السعودية ;2002;4;
;109; مفهوم الحكمة في الدعوة;https://www.shamela.ws/index.php/book/30955;1949;  ; صالح بن عبد الله بن حميد;n/a; وزارة الشؤون الإسلامية والأوقاف والدعوة والإرشاد;الرياض;السعودية ;2001;4;
;110; فقه الدعوة في صحيح الإمام البخاري;http://shamela.ws/index.php/book/31061;1951;2018; سعيد بن علي بن وهب القحطاني;n/a; الرئاسة العامة لإدارات البحوث العلمية والإفتاء والدعوة والإرشاد;الرياض;السعودية ;2001;5;
;129; التوريث الدعويّ;http://shamela.ws/browse.php/book-384/page-7488;1962; ; محمد بن حسن بن عقيل موسى الشريف;n/a; دار الأندلس الخضراء للنشر والتوزيع;جدة;السعودية ;2002;5;
;131; فتاوى الأئمة في النوازل المدلهمة، وتبرئة دعوة وأتباع محمد بن عبدالوهاب من تهمة التطرف والإرهاب;http://shamela.ws/browse.php/book-36570;1970; ; محمد بن حسين بن سعيد بن هادي بن عبد الرحمن بن محمد بن حسن بن سفران القحطاني;n/a; دار الأوفياء للطبع والنشر;الرياض;السعودية ;2003;5;
;132; من روائع أبى الحسن الندوى في الدعوة إلى الله;http://shamela.ws/index.php/book/37162;; ; محمد علي محمد إمام;n/a; مطبعة السلام;ميت غمر;مصر;2005;5;
;134; كلمات مضيئة في الدعوة إلي الله;http://shamela.ws/index.php/book/37558;; ; محمد علي محمد إمام;n/a; مطبعة السلام;ميت غمر;مصر;2005;5;
;136; إلى الإسلام من جديد;http://shamela.ws/index.php/book/37561;;1999;علي أبو الحسن بن عبد الحي بن فخر الدين الندوي;n/a; دار القلم للنشر والتوزيع;دمشق;سوريا;1979;4;
;152; مدرسة الدعوة;http://shamela.ws/index.php/book/3924;; ; محمد السيد الوكيل;n/a; الجامعة الإسلامية بالمدينة المنورة;;السعودية ;1979;4;
;160; الدعوة الإصلاحية في بلاد نجد على يد الإمام محمد بن عبد الوهاب وأعلامها من بعده;http://shamela.ws/index.php/book/7615;1975; ; عبد الله بن محمد بن عبد المحسن المطوع;n/a; دار التدمرية;;السعودية ;2004;5;
;161; الشبهات التي أثيرت حول دعوة الشيخ محمد بن عبد الوهاب (مطبوع ضمن بحوث ندوة دعوة الشيخ محمد بن عبد الوهاب);http://shamela.ws/index.php/book/7648;1921;2008; عبد الكريم الخطيب;n/a; عمادة البحث العلمي بجامعة الإمام محمد بن سعود الإسلامية;الرياض;السعودية ;1991;4;
;174; الإعلام والدعوة إلى الله;http://shamela.ws/index.php/book/8762;; ; طه عبد الفتاح مقلد;n/a; جامعة المدينة العالمية;المدينة;السعودية ;1975;4;
;181;أصول الدعوة وطرقها 2;http://shamela.ws/index.php/book/8954;n/a;n/a; مناهج جامعة المدينة العالمية;n/a; جامعة المدينة العالمية;المدينة;السعودية ;2008;5;
;182; المنهج الصحيح وأثره في الدعوة إلى الله تعالى;http://shamela.ws/index.php/book/8955;; ; حمود بن أحمد بن فرج الرحيلي;n/a; جامعة المدينة العالمية;المدينة;السعودية ;2003;5;
;187; أهمية الدعوة;http://shamela.ws/index.php/book/9026;1919;1998;محمود شيت خطاب;n/a; جامعة المدينة العالمية;المدينة;السعودية ;;4;
;191; التّنصير عبر الخِدمات التفاعليّة لشبكة المعلومات العالميّة دراسة عقديّة (رسالة ماجستير);http://shamela.ws/index.php/book/96160;; ;محمد بن موسى المجممي;n/a;جامعة الملك سعود;;السعودية ;2011;5;
;194; فقه الدعوة إلى الله والأمر بالمعروف والنهي عن المنكر;http://shamela.ws/index.php/book/96251;;   ; أبو فيصل البدراني;n/a;;;;;5;
;;;;;;;;;;;;;
;197; العلاقة المثلى بين الدعاة ووسائل الإتصال الحديثة في ضوء الكتاب والسنة;https://www.shamela.ws/index.php/book/96470;1951;2018;سعيد بن علي بن وهف القحطاني;n/a; مطبعة سفير، الرياض;;السعودية ;2010;5;
;198; كيفية دعوة الملحدين إلى اللَّه تعالى في ضوء الكتاب والسنة;https://www.shamela.ws/index.php/book/96516;1951;2018;سعيد بن علي بن وهف القحطاني;n/a; مطبعة سفير، الرياض;;السعودية ;2004;5;
;199; كيفية دعوة الوثنيين إلى اللَّه تعالى في ضوء الكتاب والسنة;http://shamela.ws/browse.php/book-96517;1951;2018;سعيد بن علي بن وهف القحطاني;n/a; مطبعة سفير، الرياض;;السعودية ;2004;5;
;200; كيفية دعوة أهل الكتاب إلى اللَّه تعالى في ضوء الكتاب والسنة;http://shamela.ws/index.php/book/96518;1951;2018;سعيد بن علي بن وهف القحطاني;n/a; مطبعة سفير، الرياض;;السعودية ;2004;5;
;201; كيفية دعوة عصاة المسلمين إلى اللَّه تعالى في ضوء الكتاب والسنة;http://shamela.ws/index.php/book/96519;1951;2018;سعيد بن علي بن وهف القحطاني;n/a; مطبعة سفير، الرياض;;السعودية ;2004;5;
;202; مفهوم الحكمة في الدعوة إلى اللَّه تعالى في ضوء الكتاب والسنة;https://www.shamela.ws/index.php/book/96523;1951;2018;سعيد بن علي بن وهف القحطاني;n/a; مطبعة سفير، الرياض;;السعودية ;2004;5;
;203; مقومات الداعية الناجح في ضوء الكتاب والسنة مفهوم، ونظر، وتطبيق;http://shamela.ws/browse.php/book-96524;1951;2018;سعيد بن علي بن وهف القحطاني;n/a; مطبعة سفير، الرياض;;السعودية ;1994;5;
;204; مواقف التابعين وأتباعهم في الدعوة إلى اللَّه تعالى;http://shamela.ws/index.php/book/96529;1951;2018;سعيد بن علي بن وهف القحطاني;n/a; مطبعة سفير، الرياض;;السعودية ;2004;5;
;205; مواقف الصحابة رضي الله عنهم في الدعوة إلى اللَّه تعالى;http://shamela.ws/index.php/book/96530;1951;2018;سعيد بن علي بن وهف القحطاني;n/a; مطبعة سفير، الرياض;;السعودية ;2004;5;
;206; مواقف العلماء عبر العصور في الدعوة إلى اللَّه تعالى;http://shamela.ws/browse.php/book-96531/page-10;1951;2018;سعيد بن علي بن وهف القحطاني;n/a; مطبعة سفير، الرياض;;السعودية ;2004;5;
;207; مواقف النبي صلى الله عليه وسلم في الدعوة إلى اللَّه تعالى;http://shamela.ws/browse.php/book-96532;1951;2018;سعيد بن علي بن وهف القحطاني;n/a; مطبعة سفير، الرياض;;السعودية ;2004;5;
;;;;;;;;;;;;;
;278-000;NO TITLE FOUND;0;;;;;;;;;;
;278-001;رسائل وفتاوى للشيخ محمد بن عبد الوهاب ;1;;;محمد بن عبد الوهاب;;;;;;;
;278-002; [رسالة في دين الإسلام وشرح حقيقته];2;;;محمد بن عبد الوهاب;;;;;;;
;278-003; [رسالة إلى أهل شقرا في بيان أن الإسلام دين يسر وسهولة];2;;;محمد بن عبد الوهاب;;;;;;;
;278-004; [مسائل في معاملة الأعراب لمن هو مثلهم ممن لا يتورع عن تعاطي المحرمات، وفي المعاملة بالجدد، وفي أخذ العروض عن النقود];2;;;محمد بن عبد الوهاب;;;;;;;
;278-005; (فتاوى في الزكاة والمضاربة والنقود المغشوشة);2;;;محمد بن عبد الوهاب;;;;;;;
;278-006; رسائل وفتاوى لأبناء الشيخ محمد بن عبد الوهاب ;1;;;  أبناء الشيخ محمد بن عبد الوهاب;;;;;;;
;278-007;  (رسالة عامة في الزجر عن الغلول ووجوب التذكير والموعظة);2;;;  أبناء الشيخ محمد بن عبد الوهاب;;;;;;;
;278-008;  (رسالة في نصاب الزكاة بالريالات);2;;;  أبناء الشيخ محمد بن عبد الوهاب;;;;;;;
;278-009;  (رسالة في المعاملات الربوية وأحكام الطلاق والعدة);2;;;  أبناء الشيخ محمد بن عبد الوهاب;;;;;;;
;278-010;  (رسالة في مواعظ عامة في مهمات الدين);2;;;  أبناء الشيخ محمد بن عبد الوهاب;;;;;;;
;278-011;" [مسائل وردت على وَلَدَيْ شيخ الإسلام محمد بن عبد الوهاب   ;حسين  ; و  ;عبد الله  ; رحمهما الله]";2;;;  أبناء الشيخ محمد بن عبد الوهاب;;;;;;;
;278-012;رسائل وفتاوى للشيخ عبد الله بن الشيخ محمد بن عبد الوهاب ;1;;;عبد الله بن الشيخ محمد بن عبد الوهاب ;;;;;;;
;278-013; مسائل في الصلاة وما يتعلق بها } ;2;;;;;;;;;;
;278-014; مسائل في دفن الميت والصلاة عليه وصفتها } ;2;;;;;;;;;;
;278-015; مسائل في نصاب الزكاة وزكاة العروض  ;2;;;;;;;;;;
;278-016; مسائل في صدقة الفطر وما يتعلق بها } ;2;;;;;;;;;;
;278-017; مسائل في الرهن وما يتعلق به } ;2;;;;;;;;;;
;278-018; مسائل في المساقاة والمزارعة وما في معناهما } ;2;;;;;;;;;;
;278-019; مسائل في المعاملات وأنواعها } ;2;;;;;;;;;;
;278-020; مسائل في الخيار وما في معناه } ;2;;;;;;;;;;
;278-021; مسائل في السلم وما في معناه مما يتعلق به } ;2;;;;;;;;;;
;278-022; مسائل في القرض وما في معناه وما يتعلق به } ;2;;;;;;;;;;
;278-023; مسائل في الوقف } ;2;;;;;;;;;;
;278-024; مسائل في النكاح وما يتعلق به مما في معناه } ;2;;;;;;;;;;
;278-025; مسائل في العدد وما في معناها } ;2;;;;;;;;;;
;278-026; مسائل في الإحداد وما يتعلق به } ;2;;;;;;;;;;
;278-027;من عبد الله بن الشيخ إلى الأخ جمعان  بن ناصر  سلام عليكم ورحمة الله وبركاته.;2;;;;;;;;;;
;278-028;من عبد الله بن الشيخ إلى الأخ جمعان   سلام عليكم ورحمة الله وبركاته (وبعد);2;;;;;;;;;;
;278-029; من عبد الله بن الشيخ إلى الأخ جمعان  سلام عليكم ورحمة الله وبركاته (وبعد);2;;;;;;;;;;
;278-030; من عبد الله وحمد إلى الأخ سعيد،  جعله الله من صالحي العبيد، وبلغه في الآخرة ما يريد، سلام عليكم ورحمة الله وبركاته.;2;;;;;;;;;;
;278-031; من جواب) لعبد الله بن الشيخ رحمه الله  [هلك هالك عن أبوين وأخوين متفرقين أو أشقاء];2;;;;;;;;;;
;278-032; أسئلة لبعض الإخوان أجاب عنها الشيخ عبد الله بن الشيخ  (من يباح له الفطر في رمضان للضرورة);2;;;;;;;;;;
;278-033;(8) {مسائل مختلفة أجاب عنها الشيخ عبد الله بن الشيخ  أيضًا};2;;;;;;;;;;
;278-034; من عبد الله بن الشيخ وحمد إلى الأخ سعيد بن حجي  حفظه الله تعالى.;2;;;;;;;;;;
;278-035; من عبد الله وحمد إلى الأخ سعيد بن حجي  حفظه الله تعالى سلام عليكم ورحمة الله وبركاته (وبعد);2;;;;;;;;;;
;278-036; [إجابة على تسع وتسعين مسألة فقهية];2;;;;;;;;;;
;278-037; [إجابة عن مسائل في المرجئة والقدرية وغير ذلك];2;;;;;;;;;;
;278-038; - إجابة عن مسائل سُئِل عنها  قال: السّلام عليكم ورحمة الله وبركاته. (الجواب);2;;;;;;;;;;
;278-039; - جواب في أحكام الوقف (الجواب);2;;;;;;;;;;
;278-040; سئل -رحمه الله تعالى- عن مسائل فأجاب عنها(الأولى);2;;;;;;;;;;
;278-041; وله أيضًا -رحمه الله تعالى-;2;;;;;;;;;;
;278-042;من عبد الله بن الشّيخ إلى الأخ رجب.;2;;;;;;;;;;
;278-043; من عبد الله بن الشّيخ إلى الأخ رجب  سلام عليكم ورحمة الله وبركاته.;2;;;;;;;;;;
;278-044; {أصل دعوة التّجديد في نَجد وقاعدتها};2;;;;;;;;;;
;278-045; أجاب الصّنعاني الشّيخ عبد الله -رحمهما الله- على كتابه بالموافقة على كلّ ما فيه إلّا قوله:;2;;;;;;;;;;
;278-046; ورد من محمّد الحفظي صاحب اليمن على نجد استفتاء عن ثلاث مسائل مشكلة،;2;;;;;;;;;;
;278-047; فتاوى للشّيخ عبد الله بن الشّيخ عن أسئلة وردت من الأخ سعيد بن حجي.;2;;;;;;;;;;
;278-048; فتاوى أخرى من الشّيخ عبد الله بن الشّيخ محمّد -رحمهما الله- عن هذه المسائل التي وردت من سعيد بن حجي الأولى:;2;;;;;;;;;;
;278-049;من عبد الله بن الشّيخ إلى الأخ جمعان  بن ناصر.;2;;;;;;;;;;
;278-050; من عبد الله بن الشّيخ إلى الأخ جمعان.;2;;;;;;;;;;
;278-051; فتاوى للشّيخ عبد الله بن الشّيخ عن أسئلة وردت عليه من سعيد بن حجي  وهي هذه: سألت;2;;;;;;;;;;
;278-052; من عبد الله إلى الأخ سعيد  أسعده الله بطاعته وأدخله في سلك أهل ولايته.;2;;;;;;;;;;
;278-053; (من عبد الله بن الشّيخ إلى الأخ سعيد  حفظه الله تعالى);2;;;;;;;;;;
;278-054;(من عبد الله بن الشّيخ إلى الأخ جمعان);2;;;;;;;;;;
;278-055; (من عبد الله بن الشّيخ إلى الأخ جمعان);2;;;;;;;;;;
;278-056;(من عبد الله إلى الأخ جمعان);2;;;;;;;;;;
;278-057;(من عبد الله إلى الأخ جمعان);2;;;;;;;;;;
;278-058; (من عبد الله إلى الأخ جمعان);2;;;;;;;;;;
;278-059; (من عبد الله بن الشّيخ إلى الأخ جمعان);2;;;;;;;;;;
;278-060; (من عبد الله بن الشّيخ إلى الأخ سعيد);2;;;;;;;;;;
;278-061; سُئِل الشّيخ عبد الله بن الشّيخ عن ديات الشّجاج  ;2;;;;;;;;;;
;278-062;  سُئِلَ الشّيخ عبد الله أيرخص للرّجل يوم الجمعة -أي في ترك صلاتها-؟;2;;;;;;;;;;
;278-063; ورد كتاب على العلامة الشّيخ عبد الله بن الشّيخ فيه أسئلة شرعية  فأجاب صاحبها بما يأتي: وعليكم;2;;;;;;;;;;
;278-064; من عبد الله بن الشّيخ إلى حضرة الأخ في الله عبد الوهّاب أبو نقطة  سلّمه الله من الآفات، واستعمله بالباقيات الصّالحات.;2;;;;;;;;;;
;278-065;  مسائل فقهية سُئِل عنها الحافظ الشّيخ عبد الله بن الشّيخ محمّد بن عبد الوهّاب);2;;;;;;;;;;
;278-066;  الأجوبة السّديدة عن المسائل المفيدة  للشّيخ عبد الله بن الشّيخ محمّد بن عبد الوهّاب - رحمهما الله وعفا عنهما بِمنّه وكرمه);2;;;;;;;;;;
;278-067;رسائل وفتاوى للشيخ عبد الرحمن بن حسن;1;;;;;;;;;;
;278-068; من عبد الرّحمن بن حسن إلى الأخ الْمحبّ الإمام المكرّم فيصل بن تركي  ألهمه الله رشده ووقاه شرّ نفسه.;2;;;;;;;;;;
;278-069; من عبد الرّحمن بن حسن إلى عثمان بن منصور.;2;;;;;;;;;;
;278-070; من عبد الرّحمن بن حسن إلى الأخ الْمحبّ عبيد بن رشيد  سلّمه الله تعالى وهداه ووفّقه لما يحبّه ويرضاه آمين.;2;;;;;;;;;;
;278-071;- 4 - (رسالة ضافية في الرّبا وحكم نقود الجدد الزّيوف فيه);2;;;;;;;;;;
;278-072; من عبد الرّحمن بن حسن إلى الإخوان من أهل العلم والفهم  سلّمهم الله تعالى.;2;;;;;;;;;;
;278-073; من عبد الرّحمن بن حسن إلى الأخ راشد بن مطر - سلّمه الله وهداه، وأعانه على طاعته وتقواه-، سلام عليكم ورحمة الله وبركاته.;2;;;;;;;;;;
;278-074; من عبد الرّحمن بن حسن إلى الإخوان عليّ بن حمد الجريوي وإخوانه،  رزقنا الله وإيّاهم قبول الإسلام، وهدانا وإيّاهم سبل السّلام.;2;;;;;;;;;;
;278-075; ما أحدّثه بعض النّاس عند بيع الطّعام من جعلهم ميزانين،;2;;;;;;;;;;
;278-076;  مسائل سأله عنها الفقير إلى الله عبد الرّحمن بن عدوان.;2;;;;;;;;;;
;278-077; سُئِلَ الشّيخ عبد الرّحمن بن حسن عن بعض مسائل الحجّ فأجاب -رحمه الله تعالى- على سبيل الاختصار: ;2;;;;;;;;;;
;278-078; من عبد الرّحمن بن حسن إلى الابن صالح بن محمّد الشّثري - سلّمه الله تعالى-.;2;;;;;;;;;;
;278-079; من عبد الرّحمن بن حسن إلى الأخ المحبّ الشّيخ المكرم عبد الله بن عبد الرّحمن - ألبسه الله حلل الإيمان-.;2;;;;;;;;;;
;278-080; قال شيخنا عبد الرّحمن بن حسن في جوابٍ له*: ;2;;;;;;;;;;
;278-081; سُئِلَ شيخنا العالم العلّامة عبد الرّحمن بن حسن -رحمه الله- عمّا يخصّ به يوم المولد من النّحر ويسمّونه نافلة،;2;;;;;;;;;;
;278-082; من عبد الرّحمن بن حسن إلى الأخ الشّيخ جمعان بن ناصر - سلّمه الله تعالى-، سلام عليكم ورحمة الله وبركاته.;2;;;;;;;;;;
;278-083; من عبد الرّحمن بن حسن إلى الأخ حمد بن عبد الله بن عمران.;2;;;;;;;;;;
;278-084; سُئِلَ شيخنا عبد الرّحمن بن حسن -رحمه الله تعالى- عن تنصيف المهر،  وذلك أنّ الرّجل إذا خطب المرأة من الحمولة وأجابوه وقرّبوه;2;;;;;;;;;;
;278-085; قال الشّيخ عبد الرّحمن بن حسن في نصيحة للمسلمين في مسألة الرّهن: ;2;;;;;;;;;;
;278-086; مسألة: مراعاة شرط الواقف فيما ذكر هل هو صحيح أم لا؟ ;2;;;;;;;;;;
;278-087; من عبد الرّحمن بن حسن إلى الأخ في الله الشّيخ رجب  سلّمه الله.;2;;;;;;;;;;
;278-088;  مسألة عمت بها البلوى، وهي: ما إذا اشترى مسلم دابّة من بعض أسواق المسلمين، وهو لا يعلم أنّها مغصوبة فادّعى عليه آخر أنّها دابّته،;2;;;;;;;;;;
;278-089; من عبد الرّحمن بن حسن إلى الأخ المحبّ الشّيخ عيد بن حمد  سلّمه الله.;2;;;;;;;;;;
;278-090; من عبد الرّحمن بن حسن إلى الأخ فائز بن عليّ وإخوانه من طلبة العلم  سلّمهم الله تعالى.;2;;;;;;;;;;
;278-091; ما قولكم فيمَن يقول لِمَن شرب (هنيئًا);2;;;;;;;;;;
;278-092; من عبد الرّحمن بن حسن إلى الأخ سليمان بن عبد الله  سلّمه الله تعالى.;2;;;;;;;;;;
;278-093; ما قولكم -دام فضلكم- في نخلٍ مشتركٍ طلب أهله القسمة، هل تكون على قدر الحصص أم على عدد النّخل وسعة الأرض؟ ;2;;;;;;;;;;
;278-094; من عبد الرّحمن بن حسن إلى الأخ سليمان بن عبد الرّحمن بن عثمان  سلّمه الله تعالى وعافاه آمين.;2;;;;;;;;;;
;278-095;  الاستنجاء في البرك ونحوها، ;2;;;;;;;;;;
;278-096; - جواب عن مسائل الشّيخ حمد بن مانع.;2;;;;;;;;;;
;278-097; من عبد الرحمن بن حسن إلى الأخ علي بن فواز* - سلمه الله تعالى-.;2;;;;;;;;;;
;278-098; من عبد الرّحمن بن حسن إلى مَن يصل إليه من الإخوان  وفّقنا الله وإيّاهم لسلوك منهج العلم والإيمان.;2;;;;;;;;;;
;278-099;من عبد الرّحمن بن حسن إلى الأخ جمعان  بن ناصر،  وفّقه الله وهداه لما يحبّه ويرضاه.;2;;;;;;;;;;
;278-100; من عبد الرّحمن بن حسن إلى الأخ جمعان.;2;;;;;;;;;;
;278-101; من عبد الرّحمن بن حسن إلى الأخ سعيد بن عيد.;2;;;;;;;;;;
;278-102; من عبد الرّحمن بن حسن إلى الأخوين المحبّين: صالح بن محمّد وأحمد بن عتيق،  كان الله في عونهما.;2;;;;;;;;;;
;278-103; من عبد الرّحمن بن حسن إلى الأخ جمعان،  منحه الله من العلوم أنفعها ومن الفضائل أرفعها.;2;;;;;;;;;;
;278-104; قال شيخنا ووالدنا الشّيخ عبد الرّحمن بن حسن في أثناء كلامٍ له*:;2;;;;;;;;;;
;278-105; من عبد الرّحمن بن حسن إلى المكرّم عثمان بن عيسى  سلّمه الله.;2;;;;;;;;;;
;278-106; من عبد الرّحمن بن حسن إلى الأخ عثمان بن بشر،  سلّمه الله تعالى.;2;;;;;;;;;;
;278-107; وجدت بخط الشّيخ عبد الرّحمن بن حسن -رحمه الله- ما صورته  مسألة هل (عَلَيَّ الطّلاق);2;;;;;;;;;;
;278-108; رأيت في فتاوى الإمام عبد الكريم بن زياد الشّافعي -رحمه الله تعالى- ما لفظه:;2;;;;;;;;;;
;278-109; فائدة };2;;;;;;;;;;
;278-110;رسائل وفتاوى للشيخ عبد اللطيف بن عبد الرحمن بن حسن;1;;;;;;;;;;
;278-111; (من عبد اللّطيف بن عبد الرّحمن إلى الأخ المكرّم زيد بن محمّد،  سلّمه الله تعالى);2;;;;;;;;;;
;278-112;- رسالة إلى زيد بن محمّد  أيضًا وهذا نصّها: - 2 - بسم الله الرّحمن الرّحيم (من عبد اللّطيف بن عبد الرّحمن إلى الأخ زيد بن محمّد سلّمه الله تعالى);2;;;;;;;;;;
;278-113;- رسالة إلى زيد بن محمّد آل سليمان   أيضًا وهذا نصّها: - 3 - بسم الله الرّحمن الرّحيم (من عبد اللّطيف بن عبد الرّحمن إلى الأخ المحبّ زيد بن محمّد - زاده الله علمًا ووهب له حكمًا);2;;;;;;;;;;
;278-114;  - رسالة إلى زيد بن محمّد آل سليمان،;2;;;;;;;;;;
;278-115; - رسالة أيضًا إلى زيد بن محمّد آل سليمان،;2;;;;;;;;;;
;278-116;  ورد عليه -رحمه الله تعالى- صورة استفتاء:;2;;;;;;;;;;
;278-117; من عبد اللّطيف بن عبد الرّحمن إلى الأخ المكرّم الشّيخ عبد العزيز بن حسن - سلّمه الله تعالى-.;2;;;;;;;;;;
;278-118; ما قولكم -سدّد الله أقوالكم- فيمَن يدعو المسلم لأمّه مع معرفة أبيه، هل يسوغ ذلك أو لا؟;2;;;;;;;;;;
;278-119; ورد عليه رحمه الله هذه المسألة:;2;;;;;;;;;;
;278-120; من عبد اللّطيف بن عبد الرّحمن إلى الأخ المكرّم خالد بن إبراهيم آل قطنان، ومحمّد بن عيسى  سلّمهما الله تعالى وتولّاهما.;2;;;;;;;;;;
;278-121; مسائل سألنا عنها أهل نجد وأجاب عنها الشّيخ عبد اللّطيف بن الشّيخ عبد الرّحمن;2;;;;;;;;;;
;278-122;  سؤال ورد على الشّيخ عبد اللّطيف رحمه الله.  أوصى عبد الله بن أحمد بثلث ماله تقربًا إلى الله وطلبًا للثّواب، وقفًا على أولاده ما تعاقبوا وتناسلوا، والوقف المذكور على أولاده لصلبه مِمَّن ينتسب إليه، وأوصى عبد الله المذكور بأنّ عثمان ابن ابنه أحمد داخل في وقف الثّلث له مثل ما لأبيه. الجواب: أشرفت على ما ذكر باطن هذه الوصية، فرأيتها صحيحة;2;;;;;;;;;;
;278-123; من عبد اللّطيف بن عبد الرّحمن إلى الأخ محمّد بن عمير  وفّقه الله تعالى لفعل الإيمان وقول الخير.;2;;;;;;;;;;
;278-124;رسائل وفتاوى للشيخ حسن بن حسين بن الشيخ محمد بن عبد الوهاب;1;;;;;;;;;;
;278-125; (من حسن بن حسين إلى الأخ إبراهيم بن عيدة);2;;;;;;;;;;
;278-126; من حسن بن حسين إلى الإخوان: جمعان بن ناصر، ومحمّد بن المبارك، ومَن معهم من الإخوان.;2;;;;;;;;;;
;278-127;من حسن بن حسين إلى الأخ راشد بن مبارك   أولاه الله من نعمه وبارك.;2;;;;;;;;;;
;278-128; فوائد ];2;;;;;;;;;;
;278-129; مسألة: إذا غارس رجل رجلًا في أرضٍ،;2;;;;;;;;;;
;278-130; (من حسن بن حسين إلى الشّيخ جمعان  جمع الله شمله);2;;;;;;;;;;
;278-131;سُئِلَ الشّيخ حسن بن حسين عن رجلٍ أوصى لآخر بوصيّة فماتا بحادثٍ عمّهما ولم يعلم أيّهما السّابق، هل تنفذ الوصّية والحال ما ذكر فيستحقّها ورثة الموصى له أم لا تصح؟  فالجواب: الذي يظهر أنّها لا تنفّذ، ولا تصحّ من وجهين: الأوّل: أنّ الوصيّة هي   1 بالتّصرّف بعد الموت، فهي جارية;2;;;;;;;;;;
;278-132;  جواب ما سأل عنه الأخ عبد الله الفائز;2;;;;;;;;;;
;278-133; من حسن بن حسين إلى الأخ عبد الرّحمن  سلام عليكم ورحمة الله وبركاته.;2;;;;;;;;;;
;278-134; من حسن بن حسين إلى الأخ جمعان بن ناصر  سلّمه الله تعالى.;2;;;;;;;;;;
;278-135; من حسن بن حسين إلى الأخ عبد الله  سلّمه الله تعالى.;2;;;;;;;;;;
;278-136; حضر عندي عثمان الغرشي وكيلًا لأبيه وعبد العزيز بن زامل وكيلًا لابن مسعد;2;;;;;;;;;;
;278-137;رسائل وفتاوى للشيخ علي بن حسين بن الشيخ محمد بن عبد الوهاب;1;;;;;;;;;;
;278-138; من عليّ بن حسين إلى الأخ المكرّم الأجل الأحشم الشّيخ جمعان بن ناصر  جمع الله له بين العلم والعمل، وسدّ به طرق الميل والخلل.;2;;;;;;;;;;
;278-139; من عليّ بن حسين إلى الأخ جمعان  جمع الله له بين خيري الدّنيا والآخر وغفر ذنبه أوّله وآخره.;2;;;;;;;;;;
;278-140;رسائل وفتاوى للشيخ سليمان بن عبد الله بن الشيخ محمد بن عبد الوهاب   ;1;;;;;;;;;;
;278-141;  رجل يشكّ هل جرى الطّلاق على لسانه أم لا؟;2;;;;;;;;;;
;278-142; فائدة;2;;;;;;;;;;
;278-143; فائدة أصوليّة نافعة:;2;;;;;;;;;;
;278-144; هذه مسائل  الأولى إذا باع رجل شقصًا واستثنى سهمًا معلومًا من غلّة الشّقص فهل يصحّ ذلك أم لا؟;2;;;;;;;;;;
;278-145; [أربع مسائل];2;;;;;;;;;;
;278-146;رسائل وفتاوى للشيخ حسين بن الشيخ محمد بن عبد الوهاب    ;1;;;;;;;;;;
;278-147; (من حسين بن الشّيخ إلى الأخ جمعان بن ناصر);2;;;;;;;;;;
;278-148;  كلام ذكره الشّيخ حسين بن الشّيخ لبعض الإخوان  أحسن الله إلى السّائل وإلى المفتي آمين. وأمّا ما ذكرت من أمر رجلٍ قال لامرأته: الله يرزقك وطلعت من العدّة فلا له طريق عليها إلّا بملاك. وأيضًا إن كان هو قائل لحرمته الله يرزقك ثلاث مرات ونيّته أنّها ثلاث تطليقات فلا له طريق عليها إلّا عقب ما تأخذ رجلًا آخر ويطلقّها، والرّجل الذي طلبت الحرمة منه الطّلاق وتبرؤه من النّفقة وطلّقها ثم طلبته بالنّفقة إن كانت الحرمة مبغضة للرّجل يوم يطلّقها البغضاء المعروفة فلا لها طريق عليه في النّفقة، فإن كان يوم تطلبه بالطّلاق مضيقًا عليها ومشينا عليها الطّبع فنفقتها تلزمه إلى أن تعتد، فإن كانت حاملًا فإلى أنّ تضع، والمرأة إذا عصت وطلعت من بيت الرّجل فالمعصية عليها والنّفقة عليه. والرّجل إذا طلق امرأته الطّلقات الثّلاث فالذي يظهر ما لها عليه نفقة والرّجل الذي معه حرمتان فالتي يأتيها الحيض فهو يقسم لها في وقت الحيض وراعية النّفاس في عرفنا أنّها ما تشره أن يقاضيها، والرّجل الذي طلّق امرأته عدّة خوص النّخل فلا له طريق عليها، والإمام إذا سلم وقال بعض الجماعة بعد ركعة، وبعضهم يقول تامّة فهو يعمل بعمل الذي عليهم العمل، فإن كان أكثر ظنّه أن يلحقه شكّ فهو يعمل بقول الآخرين، والرّجل الذي قرأ في الرّكعتين الأخيرتين غير الفاتحة ساهيًا فلا علمنا عليه شيئًا،;2;;;;;;;;;;
;278-149;  جواب عبد الله بن الشّيخ إلى بعض الإخوان;2;;;;;;;;;;
;278-150; من عليّ بن الشّيخ حسين إلى الأخ جمعان بن ناصر  سلّمه الله تعالى.;2;;;;;;;;;;
;278-151;فتويان من فتاوى الشيخ سليمان بن علي، جد شيخ الإسلام;1;;;;;;;;;;
;278-152; هذه مسائل وجدتها سألها محمّد بن عبد الله بن إسماعيل سليمان بن عليّ:;2;;;;;;;;;;
;278-153;  إذا كان لرجلٍ على رجلٍ دَيْنَان;2;;;;;;;;;;
;278-154; فصل : ولا يستحبّ للرجل في الصّلاة شد وسطه بمنديلٍ أو منطقةٍ ونحوها،;2;;;;;;;;;;
;278-155; رسالة للشيخ عبد الوهاب بن الشيخ سليمان، والد شيخ الإسلام  ;2;;;;;;;;;;
;278-156;رسائل وفتاوى للشيخ حمد بن ناصر بن معمر;1;;;;;;;;;;
;278-157; مسائل*: ;2;;;;;;;;;;
;278-158; من حمد بن ناصر إلى الإخوان: جمعان ومرزوق  حفظهما الله تعالى.;2;;;;;;;;;;
;278-159; من حمد بن ناصر إلى الأخ جمعان  حفظه الله تعالى.;2;;;;;;;;;;
;278-160; ما تقول السّادة العلماء الجهابذة الحكماء ورثة الأنبياء;2;;;;;;;;;;
;278-161; وله -رحمه الله- جواب عن المسائل الآتية*  الأولى ما خيار المجلس وما صورته؟;2;;;;;;;;;;
;278-162;" نقل من كتاب   ;حادي الأرواح  ; لابن القيم ]";2;;;;;;;;;;
;278-163; (من حمد بن ناصر إلى الأخ جمعان  حفظه الله تعالى);2;;;;;;;;;;
;278-164;(من حمد بن ناصر إلى الأخ جمعان  بن ناصر);2;;;;;;;;;;
;278-165; من حمد بن ناصر إلى الأخ جمعان  حفظه الله تعالى.;2;;;;;;;;;;
;278-166;من حمد بن ناصر إلى الأخ جمعان بن ناصر   حفظه الله تعالى آمين.;2;;;;;;;;;;
;278-167;(من حمد بن ناصر إلى الأخ جمعان  بن ناصر);2;;;;;;;;;;
;278-168; (من حمد بن ناصر إلى الأخ جمعان  سلّمه الله تعالى);2;;;;;;;;;;
;278-169;  قولك: أنّا نقول: إنّ الإنسان إذا لم يحصل له الأمر بالمعروف والنّهي عن المنكر أنّه يهاجر.;2;;;;;;;;;;
;278-170; (من حمد بن ناصر إلى الأخ جمعان  جعله الله من أهل العلم والإيمان);2;;;;;;;;;;
;278-171; من حمد بن ناصر إلى الأخ سعيد  أسعده الله بطاعته وجعله من أهل ولايته.;2;;;;;;;;;;
;278-172;رسائل وفتاوى للشيخ عبد الله بن عبد الرحمن أبا بطين;1;;;;;;;;;;
;278-173; من عبد الله بن عبد الرّحمن إلى الأخ جمعان بن ناصر;2;;;;;;;;;;
;278-174; من عبد الله بن عبد الرّحمن إلى الأخ الحبيب والشّيخ المفهم الأديب جمعان بن ناصر  أسبغ الله علينا وعليه من نعمه باطنها وظاهرها، وأوزعنا جميعًا شكرها.;2;;;;;;;;;;
;278-175; من عبد الله بن عبد الرّحمن إلى الأخ الشّيخ جمعان بن ناصر  وفّقه الوليّ القاهر وأمّنه مما يخشى ويحاذر.;2;;;;;;;;;;
;278-176; من عبد الله بن عبد الرّحمن إلى الأخ المكرّم والشّيخ المفهم جمعان بن ناصر،  لا زال محفوظًا بكلاءة القادر محفوفًا بعناية اللّطيف القاهر.;2;;;;;;;;;;
;278-177; من عبد الله بن عبد الرّحمن أبو بطين إلى الأخ حسين بن عليّ.;2;;;;;;;;;;
;278-178; من عبد الله بن عبد الرّحمن إلى الأخ عليّ بن عثمان  سلّمه الله سلام عليكم ورحمة الله وبركاته.;2;;;;;;;;;;
;278-179;  الصّور التي نهى عنها رسول الله -صلّى الله عليه وسلّم- في البيع  نهى عن ثمن الكلب، ومهر البغي، وحلوان الكاهن، وثمن السّنور، وكسب الحجام، وبيع الخمر، وكلّ ما حرم أكله وبيع الميتة، وبيع الأصنام، وبيع الحرّ، وبيع عسب الفحل، وبيع فضل الماء، وبيع الكلأ، وبيع الحصاة، وبيع الغرر، وبيع حبل الحبلة، وبيع الملامسة، وبيع المنابذة والمزابنة، والمحاقلة والمخابرة والمعاوضة والثّنيا، وبيع الثّمر قبل الصّلاح، وبيع الطّعام قبل قبضه، والبيع على بيع أخيه، والنَّجش والتّصرية، وبيع حاضر لبادٍ، وتلقي الرّكبان، والغشّ والكذب، والاحتكار، وأكل الرّبا، وتوكيله، وبيع الذّهب بمثله متفاضلًا، وبيع الفضّة بمثلها متفاضلةً، والبرّ بالبرّ متفاضلًا، والذّهب بالذّهب نساء, والفضّة بالفضّة نساء، والتّمر بالتّمر نساء، والشّعير بالشّعير نساء، والبرّ بالبرّ نساء، والملح بالملح نساء، والذّهب بالفضّة نساء، والتّمر بالبر نساء، والتّمر بالشّعير نساء، والتّمر بالملح نساء، والبرّ بالشّعير نساء، والبر بالملح نساء، والشّعير بالملح نساء، واشتراط ما ليس في كتاب الله، وكلّ ما تقدّم في الصّحيحين أو أحدهما. قوله: المزابنة: وهي أن يبيع ثمر حائطه إن كان نخلًا بتمرٍ كيلًا، وإن كان كرمًا أن يبيعه بزبيب كيلًا، وإن كان زرعًا أن يبيعه بكيل طعامًا، نهى عن ذلك كلّه، ويورى المزابنة أن يباع ما في رؤوس النّخل بتمرٍ كيلًا مُسمَّى إن زاد فلي وإن نقص فعلي. قوله: نهى عن المخابرة والمحاقلة، فالمحاقلة: أن يبيع الرّجل الزّرع;2;;;;;;;;;;
;278-180; فائدة لأبي بطين };2;;;;;;;;;;
;278-181; من عبد الله بن عبد الرّحمن أبي بطين إلى الأخ المحبّ الشّيخ عثمان بن عيسى  وفّقه الله لطاعته وحفظه بحراسته.;2;;;;;;;;;;
;278-182; من عبد الله بن عبد الرّحمن بن أبي بطين إلى الأخ عثمان بن عيسى.;2;;;;;;;;;;
;278-183; ما قولكم -رفع الله قدركم- في ريع وقف عقار انتقل من طبقة إلى طبقة أرضًا أو نخلًا من مزارعة أو مساقاة أو إجارة بعد ظهور الثّمرة، ومتى تستحقّ الطّبقة الثّانية لذلك، وهل بين مَن كان يستحقّها بوصفٍ أو مقابلة عملٍ فرق؟  أفتونا مأجورين. الجواب: الحمد لله ربّ العالمين، الكلام في هذه المسألة كالكلام في الحمل في أنّه يتجدّد حقّه من الوقف بوضعه لا قبله من ثمرٍ وزرعٍ، كتجدّد حقّ المشتري. هذا هو المشهور في المذهب. ومن المعلوم أنّه إذا بيعت أرض وفيها زرع كبر ونحوه أنّه للبائع ما لم يشترط مشترٍ. وكذا إذا بيع نخل قد تشقّق طلعه أنّه للبائع ما لم يشترطه المشتري. فهكذا حكم الحمل المستحقّ للوقف بعد وضعه. قال في المغنِي: ومَن وقف على أولاده أو أولاد غيره وفيهم حمل لم يستحقّ شيئًا قبل انفصاله. قال أحمد في رواية جعفر بن محمّد فيمَن وقف نخلًا على قومٍ وما توالدوا، ثم ولد مولود فإن كان النّخل قد أُبِّرَ فليس له فيه شيء، وهو للأوّل، وإن لم يكن قد أُبِّرَ فهو معهم، وإنّما قال ذلك؛ لأنّها قبل التّأبير تتبّع الأصل في البيع، وهذا الموجوب يستحقّ نصيبه فيتبعه حصته من الثّمر كما لو اشترى ذلك النّصيب من الأصل، وبعد التّأبير، لا تتبع الأصل، ويستحقّ مَن كان له الأصل، فكانت للأوّل؛ لأنّ الأصل كان كلّه له فاستحقّ ثمرته كما لو باع هذا النّصيب منها، ولم يستحقّ المولود منها شيئًا كالمشتري. وهكذا الحكم في سائر ثمر الشّجر الظّاهر، فإنّ المولود لا يستحقّ;2;;;;;;;;;;
;278-184;  ما قول شيخنا -وفّقه الله لإيضاح المشكلات- في إنسانٍ اشترى قهوة من آخر مثلًا واكتالها كيلًا جيدًا،;2;;;;;;;;;;
;278-185; من عبد الله بن عبد الرّحمن أبي بطين إلى الولد المحبّ عليّ بن عبد الله القاضي  ألهمه الله رشده وهداه، ووفّقه لما يحبّه ويرضاه.;2;;;;;;;;;;
;278-186;  مسائل سُئِلَ عنها الشّيخ العالم العلّامة البحر الفهّامة عبد الله بن عبد الرّحمن أبو بطين  رحمه الله وعفا عنه: المسألة الأولى: إ;2;;;;;;;;;;
;278-187; {مسألة};2;;;;;;;;;;
;278-188; نقل من إملاء الشّيخ عبد الله أبي بطين:;2;;;;;;;;;;
;278-189; [مسائل وفوائد];2;;;;;;;;;;
;278-190; من جوابٍ للشّيخ عبد الله أبي بطين رحمه الله:;2;;;;;;;;;;
;278-191; : سُئِل الشّيخ عبد الله بن عبد الرّحمن أبو بطين رحمه الله، وعفا عنه عن الذي يروى:;2;;;;;;;;;;
;278-192; من عبد الله بن عبد الرّحمن أبي بطين، إلى الولد عليّ بن عبد العزيز بن سليم،  زاده الله علمًا ووهب لنا وله حكمًا.;2;;;;;;;;;;
;278-193; من عبد الله بن عبد الرّحمن أبي بطين، إلى الأخ المكرّم عبد الله بن شومر  سلّمه الله تعالى وعافاه ووفّقه لما يحبّ ويرضاه.;2;;;;;;;;;;
;278-194; سُئِلَ شيخنا أبو بطين -أيّده الله تعالى- عن بيان حكم الرّافضة،;2;;;;;;;;;;
;278-195;  اعلم أنّ ضدّ التّوحيد الشّرك، وهو ثلاثة أنواع:;2;;;;;;;;;;
;278-196; من عبد الرّحمن بن عبد العزيز، وعبد الله بن عبد العزيز، وحمد بن عليّ، إلى جناب الشّيخ المكرّم عبد الله بن عبد الرّحمن أبي بطين  سلّمه الله من النّار، وجعله من عباده الأخبار.;2;;;;;;;;;;
;278-197; من عبد الله بن عبد الرّحمن إلى الولد عليّ بن عبد العزيز بن سليم - سلّمه الله تعالى وعافاه، وألهمه رشده وهداه-.;2;;;;;;;;;;
;278-198; (مسألة);2;;;;;;;;;;
;278-199;  حكم ما إذا وجد البدوي ماله عند حضري ونحوه ولم يعلم أنّه غصب، هل يفرق بين كون البدوي حربًا للآخر وقد أخذ ماله أم لا؟ وكذا إذا عرف الحضري ماله عند حضري أو بدوي وادعى أنّه قد اشتراه من حربي للمدّعي وربّما أنّه قد أخذ مالًا للبائع، فما الحكم في ذلك؟  وابسطوا الجواب -أثابكم الله تعالى-. الّذي نرى أنّه في مثل هذه الأزمان الّتي ينهب البدو بعضهم مال بعض أنّ من عرف منهم ماله عند حضري مشتريه من بدوي أنّه ليس;2;;;;;;;;;;
;278-200; سئل الشّيخ عبد الله بن عبد الرّحمن أبو بطين -رحمه الله تعالى- عن نهب البدو بعضهم بعضًا وهل يجوز الشّراء منهم؟;2;;;;;;;;;;
;278-201;  مسألة الجزار إذا ذبح ناقة وصارت أنقص ممّا ظنّ فيها  فمثبت الخيار له غالط والفقهاء ذكروا خيار الغبن في ثلاث صور وهذا يثبت;2;;;;;;;;;;
;278-202; ما قولكم -أدام الله النفع بعلومكم- في دين السّلم الثّابت في الذمّة هل يصحّ الشّراء به من صاحبه الّذي هو في ذمّته عرض من أرض أو نخل أو غير ذلك؟;2;;;;;;;;;;
;278-203; من عبد الله بن عبد الرّحمن إلى الأخ عثمان بن عيسى  زاده الله فهمًا وعلمًا ووهب لنا وله حكمًا.;2;;;;;;;;;;
;278-204; من عبد الله بن عبد الرّحمن أبي بطين إلى الأخ عثمان بن عيسى - سلّمه الله وعافاه-.;2;;;;;;;;;;
;278-205; من عبد الله بن عبد الرّحمن أبي بطين إلى الأخ المكرّم عليّ بن فراج - سلّمه الله تعالى-.;2;;;;;;;;;;
;278-206; من عبد الله بن عبد الرّحمن أبي بطين إلى الأخ المكرّم سلمان بن عبد المحسن  سلّمه الله تعالى.;2;;;;;;;;;;
;278-207; وله أيضًا -رحمه الله تعالى- إجابة عن هذه المسائل*:;2;;;;;;;;;;
;278-208; من عبد الله بن عبد الرّحمن أبي بطين إلى الأخ أحمد بن دعيج - سلّمه الله-.;2;;;;;;;;;;
;278-209; ما قولكم -أدام الله النّفع بعلومكم- فيمن لا يعرف الإيمان بالله ولا معنى الكفر بالطّاغوت،;2;;;;;;;;;;
;278-210; من عبد الله بن عبد الرّحمن إلى الولد المحب عليّ بن عبد العزيز بن سليم - زاده الله علمًا ووهب لنا وله حكمًا-.;2;;;;;;;;;;
;278-211; من عبد الله بن عبد الرّحمن أبي بطين إلى الولد عليّ بن عبد العزيز - وفقه الله لطاعته وأصلح له دنياه وآخرته-.;2;;;;;;;;;;
;278-212; فوائد ];2;;;;;;;;;;
;278-213;رسائل وفتاوى للشيخ سعيد بن حجي;1;;;;;;;;;;
;278-214; من سعيد بن حجي إلى الأخ جمعان بن ناصر  كان الله له ناصر.;2;;;;;;;;;;
;278-215; فائدة لَخصها سعيد بن حجي على بعض الحساد لما اعترض عليه في معرفة وقت الظّهر:;2;;;;;;;;;;
;278-216; من سعيد بن حجي إلى الأخ جمعان بن ناصر.;2;;;;;;;;;;
;278-217; من سعيد بن حجي إلى جمعان بن ناصر.;2;;;;;;;;;;
;278-218;من سعيد بن حجي إلى الأخ جمعان  بن ناصر.;2;;;;;;;;;;
;278-219; من سعيد بن حجي إلى الأخ جمعان  وفقه الله للإيمان.;2;;;;;;;;;;
;278-220; ما قول العلماء -أيدهم الله ونفع بهم المسلمين- في المبيع المقبوض بعقد فاسد،;2;;;;;;;;;;
;278-221; من سعيد بن حجي إلى الأخ رشيد السّردي.;2;;;;;;;;;;
;278-222; رسالة للإمام عبد العزيز آل سعود  ;2;;;;;;;;;;
;278-223; رسالة للشيخ أحمد بن محمد بن حسن القصير الأشيقري  ;2;;;;;;;;;;
;278-224; رسالة للشيخ محمد بن عبد الله بن إسماعيل  ;2;;;;;;;;;;
;278-225; رسالة للشيخ محمد بن أحمد بن إسماعيل  ;2;;;;;;;;;;
;278-226; {رسالة للشّيخ عبد العزيز بن عبد الجبّار};2;;;;;;;;;;
;278-227; رسالة للشيخ حمد بن عتيق  ;2;;;;;;;;;;
;278-228; رسالة لبعض علماء الرياض  ;2;;;;;;;;;;
;278-229; رسالة لبعض علماء نجد  ;2;;;;;;;;;;
;278-230; رسالة للشيخ محمد بن أحمد بن محمد القصير  ;2;;;;;;;;;;
;278-231; {رسالة لبعض علماء الدّرعية};2;;;;;;;;;;
;278-232; {رسالة للشّيخ محمّد بن عمر بن سليم};2;;;;;;;;;;
;278-233; الفائدة الأولى: الكلام في الإسلام والإيمان  في مقامات (الأول);2;;;;;;;;;;
;278-234; الفائدة الثانية [معنى لا إله إلا الله];2;;;;;;;;;;
;278-235; الفائدة الثالثة [النهي عن مفارقة الجماعة];2;;;;;;;;;;
;278-236; الفائدة الرابعة;2;;;;;;;;;;
;278-237; الفائدة الخامسة [أحكام الحج];2;;;;;;;;;;
;278-238; الفائدة السادسة;2;;;;;;;;;;
;278-239; (مسألة);2;;;;;;;;;;
;278-240; مسائل نقلها الشيخ حمد بن ناصر من أجوبة لابن حجر الهيتمي  ;2;;;;;;;;;;
;278-241; (مسألة);2;;;;;;;;;;
;278-242; مسألة  الأولى);2;;;;;;;;;;
;278-243; أخر قضاء رمضان مع إمكان القضاء، فمات قبل أن يقضي ، وقبل أن يدركه رمضان آخر، أطعم عنه لكل يوم مسكينا، وهذا;2;;;;;;;;;;
;278-244; مدة الإقامة للمسافر ];2;;;;;;;;;;
;278-245; [الفطر لإنقاذ غريق أو التقوي على الجهاد];2;;;;;;;;;;
;278-246; مسائل وردت إلى الشيخ حسن بن حسين من الأخ عبد الله  ;2;;;;;;;;;;
;278-247; مقام المسلم في أرض الكفار مع التمكن من الخروج منها ];2;;;;;;;;;;
;278-248; عقد المساقاة لازم أم جائز؟ ];2;;;;;;;;;;
;278-249; الذي ينبت على ماء المستأجر بغير إذن المالك ، فهو للكداد، فإن أراد المالك أخذه بقيمته وتراضيا ذلك فلهما، وإن قال: اقلعه، فيقلعه والسلام. قال في الاختيارات: ولو ;2;;;;;;;;;;
;278-250; دفع أرضا إلى آخر فيغرسها بجزء من الغراس;2;;;;;;;;;;
;278-251; أجوبة للشيخ عبد الرحمن بن حسن سأل عنها عبد الرحمن بن محمد القاضي;2;;;;;;;;;;
;278-252; رسالة للشيخ محمد بن عبد اللطيف بن عبد الرحمن بن حسن  ;2;;;;;;;;;;
;278-253;رسائل وفتاوى الشيخ عبد الرحمن بن حسن ابن شيخ الإسلام محمد عبد الوهاب ;1;;;;;;;;;;
;278-254; الرسالة الأولى: الطاعة سبب الخير والمعصية سبب الشر ];2;;;;;;;;;;
;278-255; الرسالة الثانية [إخلاص العبادة لله وحده];2;;;;;;;;;;
;278-256; الرسالة الثالثة: بيان ما في البردة مما يخالف الدين;2;;;;;;;;;;
;278-257; الرسالة الرابعة [الفرق بين الإسلام والإيمان والإحسان];2;;;;;;;;;;
;278-258; الرسالة الخامسة [رسالة أهل نجد والجواب عليها];2;;;;;;;;;;
;278-259; الرسالة السادسة [معنى لا إله إلا الله وشروطها];2;;;;;;;;;;
;278-260; الرسالة السابعة [التحذير من البردة وبيان ما فيها من الشرك];2;;;;;;;;;;
;278-261; الرسالة الثامنة [أمر الإمامة والتدريس يُردُّ إلى الإمام];2;;;;;;;;;;
;278-262; الرسالة التاسعة [معنى لا إله إلا الله وشروطها السبعة];2;;;;;;;;;;
;278-263; الرسالة العاشرة [من لوازم ما دلَّت عليه لا إله إلا الله];2;;;;;;;;;;
;278-264;رسائل وفتاوى الشيخ حمد بن ناصر;1;;;;;;;;;;
;278-265; رسالة الاجتهاد والتقليد ];2;;;;;;;;;;
;278-266; عدة رسائل في مسائل فقهية;2;;;;;;;;;;
;278-267; الرسالة الأولى  من حمد بن ناصر بن معمر إلى جناب الأخ المكرم جمعان بن ناصر;2;;;;;;;;;;
;278-268; حكم اشترط طلاق الضرة في عقد النكاح );2;;;;;;;;;;
;278-269; (الشروطُ الصحيحة في عقدِ النِّكاح);2;;;;;;;;;;
;278-270; (حكمُ تَراضِي الزوجين علَى تعليقِ الطَّلاقِ بالتزَوُّجِ عَلَيْها);2;;;;;;;;;;
;278-271; (طَلاقُ غير البالغ);2;;;;;;;;;;
;278-272; (أحكام زيادةِ الوكيلِ بالتطليق على الواحدة);2;;;;;;;;;;
;278-273; (حكمُ تكرارِ لفظِ التطليقِ في الخُلْع);2;;;;;;;;;;
;278-274; (حُكْمُ مَن أَخَذَ عِوَضَ الخُلْعِ ولَمْ يَنْطِقْ بِمَا يَدُلُّ عَلَى إِنْشَائِهِ);2;;;;;;;;;;
;278-275; (تَعليقُ الطَّلاق);2;;;;;;;;;;
;278-276; (الوصيَّةُ بالأُضحيةِ وأكْلُ ورثةِ المُوصِي منها);2;;;;;;;;;;
;278-277; المفاضلة بين التضحية عن الميت والتصدق بثمنها );2;;;;;;;;;;
;278-278; (حكمُ من ضحَّى عن غيره قبل نفسه أو وفاء نذره);2;;;;;;;;;;
;278-279; (التفريقُ بين الأمِ وولدها الصغير وبين الأخوةِ في البيع);2;;;;;;;;;;
;278-280; (من أبان زوجًا من أربع ليس له التزوج بغيرها قبل انقضاء عدتها);2;;;;;;;;;;
;278-281; رسالة ثانية  ;2;;;;;;;;;;
;278-282; طلب إمام المسجد المعاونة من الفيء أو الزكاة );2;;;;;;;;;;
;278-283; فروع في العبادات );2;;;;;;;;;;
;278-284; رسالة ثالثة  ;2;;;;;;;;;;
;278-285; رسالة رابعة  ;2;;;;;;;;;;
;278-286; رسالة خامسة [استخدام الدابة بجزء من الثمرة];2;;;;;;;;;;
;278-287; رسالة سادسة * بسم الله الرحمن الرحيم من حمد بن ناصر إلى الأخ جمعان بن ناصر، سلام عليكم ورحمة الله وبركاته. وبعد: وصل الخط، وصلك الله إلى رضوانه، وتسأل فيه عن مسائل: [عدة البائن إذا مات زوجها];2;;;;;;;;;;
;278-288; رسالة سابعة  ;2;;;;;;;;;;
;278-289; رسالة ثامنة  ;2;;;;;;;;;;
;278-290; رسالة تاسعة  ;2;;;;;;;;;;
;278-291; التهليلات العشر من صلاتي المغرب والفجر );2;;;;;;;;;;
;278-292; المأثور في الأذكار عقب الصلاة ورفع الصوت بها );2;;;;;;;;;;
;278-293; حكم التلقيح بالجدري );2;;;;;;;;;;
;278-294; التوسل إلى الخالق بالمخلوقين );2;;;;;;;;;;
;278-295; رسالة عاشرة  ;2;;;;;;;;;;
;278-296; ما تضمنته سورة الإخلاص من التوحيد العلمي ];2;;;;;;;;;;
;278-297; الشفاعة المثبتة والشفاعة المنفية );2;;;;;;;;;;
;278-298; رسالة حادية عشرة  ;2;;;;;;;;;;
;278-299; تعريف الواجب والمسنون والمكروه والمحرم );2;;;;;;;;;;
;278-300; تحية المسجد وقت الكراهية );2;;;;;;;;;;
;278-301; بيع الدين بالدين ];2;;;;;;;;;;
;278-302; البيعتان في بيعة ];2;;;;;;;;;;
;278-303; الرسالة الثانية عشرة في مسائل مختلفة;2;;;;;;;;;;
;278-304; الرسالة الثالثة عشرة  وهذه مسائل أخر سئل عنها الشيخ الإمام أحمد بن ناصر -رحمه الله-. [اقتتلت فئتان فتفرقوا عن قتيل من أحدهما];2;;;;;;;;;;
;278-305;رسائل وفتاوى العلامة الشيخ عبد الله بن عبد الرحمن أبي بطين;1;;;;;;;;;;
;278-306; الرسالة الأولى: مذهب أهل السنة في كلام الله تعالى ];2;;;;;;;;;;
;278-307; الرسالة الثانية ];2;;;;;;;;;;
;278-308; الرسالة الثالثة: العمل بالكتاب والسنة ];2;;;;;;;;;;
;278-309; الرسالة الرابعة ];2;;;;;;;;;;
;278-310; الرسالة الخامسة ];2;;;;;;;;;;
;278-311; الرسالة السادسة ];2;;;;;;;;;;
;278-312; الرسالة السابعة ];2;;;;;;;;;;
;278-313; الرسالة الثامنة ];2;;;;;;;;;;
;278-314; الرسالة التاسعة ];2;;;;;;;;;;
;278-315; الرسالة العاشرة ];2;;;;;;;;;;
;278-316; الرسالة الحادية عشر ];2;;;;;;;;;;
;278-317; الرسالة الثانية عشر: الصدقة عن الميت يدفعها لقريبه الحي ];2;;;;;;;;;;
;278-318; الرسالة الثالثة عشر ];2;;;;;;;;;;
;278-319; الرسالة الرابعة عشر: ضمان ما تلف من ثمن المبيع ];2;;;;;;;;;;
;278-320; مسائل سئل عنها الشيخ عبد الله بن عبد الرحمن (أبا بطين);2;;;;;;;;;;
;278-321; مسائل سئل عنها الشيخ العالم العلامة عبد الله بن عبد الرحمن (أبا بطين);2;;;;;;;;;;
;278-322; من عبد الله بن عبد الرحمن (أبى بطين);2;;;;;;;;;;
;278-323; من عبد الله بن عبد الرحمن (أبا بطين);2;;;;;;;;;;
;278-324; من محمد آل عمر بن سليم إلى جناب شيخنا المكرم عبد الله بن عبد الرحمن (أبا بطين);2;;;;;;;;;;
;278-325; من محمد آل عمر بن سليم إلى جناب الشيخ المكرم عبد الله بن عبد الرحمن (أبا بطين);2;;;;;;;;;;
;278-326; من عبد الله بن عبد الرحمن (أبا بطين);2;;;;;;;;;;
;278-327; مسائل سئل عنها الشيخ عبد الله بن عبد الرحمن (أبا بطين);2;;;;;;;;;;
;278-328; من جمعان بن ناصر إلى جناب الشيخ المكرم عبد الله بن عبد الرحمن (أبا بطين);2;;;;;;;;;;
;278-329; سئل الشيخ العالم العلامة عبد الله بن عبد الرحمن (أبا بطين);2;;;;;;;;;;
;278-330; مسائل سئل عنها الشيخ عبد الله بن عبد الرحمن (أبا بطين);2;;;;;;;;;;
;278-331; من عبد الله بن عبد الرحمن (أبا بطين);2;;;;;;;;;;
;278-332; من عبد الله بن عبد الرحمن (أبا بطين);2;;;;;;;;;;
;278-333; العدد الذين تصح بهم الجمعة ];2;;;;;;;;;;
;278-334; الذي طلق زوجته وأقر أنها خرجت من العدة قبل مرضه ];2;;;;;;;;;;
;278-335; قسمة الوقف على مستحقيه ];2;;;;;;;;;;
;278-336; من محمد بن عبد الله بن سليم إلى جناب شيخنا المكرم عبد الله بن عبد الرحمن (أبا بطين);2;;;;;;;;;;
;278-337; من عبد الله بن عبد الرحمن (أبا بطين);2;;;;;;;;;;
;278-338; من الولد علي آل محمد إلى جناب شيخنا المكرم الشيخ عبد الله بن عبد الرحمن (أبا بطين);2;;;;;;;;;;
;278-339; من عبد الله بن عبد الرحمن (أبا بطين);2;;;;;;;;;;
;278-340; الخلع على البراءة من الحمل وتوابعه ];2;;;;;;;;;;
;278-341; من عبد الله بن عبد الرحمن (أبا بطين);2;;;;;;;;;;
;278-342; سئل الشيخ عبد الله بن عبد الرحمن (أبا بطين);2;;;;;;;;;;
;278-343; من محمد بن عبد الله بن مانع إلى جناب شيخنا المكرم عبد الله بن الرحمن (أبا بطين);2;;;;;;;;;;
;278-344; ما قولكم -أدام الله النفع بعلومكم- في قول بعض شراح عقيدة الشيباني  -رحمه الله- على قول الناظم:;2;;;;;;;;;;
;278-345; حديث خلق الله آدم بيده على صورته ];2;;;;;;;;;;
;278-346; نهب البدو بعضهم بعضا ];2;;;;;;;;;;
;278-347; الجائحة في الإجارة ];2;;;;;;;;;;
;278-348; أخذ الرجل من لحيته إذا كانت دون القبضة ];2;;;;;;;;;;
;278-349; سئل شيخنا عبد الله (أبا بطين);2;;;;;;;;;;
;278-350; من جري بن فهد الصميت إلى الأخ في الله والمحب فيه الشيخ المكرم عبد الله بن عبد الرحمن (أبا بطين);2;;;;;;;;;;
;278-351; قلب الدين على المعسر ];2;;;;;;;;;;
;278-352; الموصى بوقفه إذا نما بعد الموت وقبل إيقافه ];2;;;;;;;;;;
;278-353; وصية الميت بالحج عنه من ماله ];2;;;;;;;;;;
;278-354; حكم مال المسلم إذا استولى عليه الكفار ];2;;;;;;;;;;
;278-355; الرد على ما يقوله صاحب البردة في الرسول صلى الله عليه وسلم ];2;;;;;;;;;;
;278-356; من عبد الله بن عبد الرحمن (أبا بطين);2;;;;;;;;;;
;278-357; مسائل سئل عنها الشيخ عبد الله (أبا بطين);2;;;;;;;;;;
;278-358; إذا منع التعامل بالدراهم أو قلت قيمتها ];2;;;;;;;;;;
;278-359;"، ما معنى قوله صلى الله عليه وسلم   ;وأنا الحاشر، يحشر الناس على قدمي  ;2. وفي لفظ:";2;;;;;;;;;;
;278-360; -: (جواب);2;;;;;;;;;;
;278-361; بيع الكاليء بالكاليء ];2;;;;;;;;;;
;278-362; خمس مسائل سئل عنها شيخنا عبد الله بن عبد الرحمن (أبا بطين);2;;;;;;;;;;
;278-363;رسائل العلامة الشيخ عبد اللطيف بن عبد الرحمن آل الشيخ;1;;;;;;;;;;
;278-364; الجزء الثالث  تأليف الإمام العالم العلامة الشيخ عبد اللطيف الأزهري بن الشيخ عبد الرحمن بن حسن ابن صاحب الدعوة الإسلامية الشيخ محمد بن عبد الوهاب;2;;;;;;;;;;
;278-365; مقدمة جامع الكتاب;2;;;;;;;;;;
;278-366; الرسالة الأولى [الإنكار على من كفر المسلمين بغير ما أجمع عليه الفقهاء];2;;;;;;;;;;
;278-367; الرسالة الثانية [التحرج عن رمي من ظاهره الإسلام بالكفر];2;;;;;;;;;;
;278-368; الرسالة الثالثة [السفر إلى بلاد الأعداء من المشركين والكفار];2;;;;;;;;;;
;278-369; الرسالة الرابعة [حكم من يسافر إلى بلاد المشركين];2;;;;;;;;;;
;278-370; الرسالة الخامسة [الهجرة والإقامة بين أظهر المشركين];2;;;;;;;;;;
;278-371; الرسالة السادسة [شدة ظهور غربة الإسلام وأهله];2;;;;;;;;;;
;278-372; الرسالة السابعة [خطر الفتنة ومضارها والسبيل لنجاة المسلم منها];2;;;;;;;;;;
;278-373; الرسالة الثامنة [التذكير بآيات الله والحث على لزوم الجماعة];2;;;;;;;;;;
;278-374; الرسالة التاسعة [تفنيد رسالة ابن عجلان وما فيها من المفاسد];2;;;;;;;;;;
;278-375; الرسالة العاشرة: [حكم الاستنصار بالكفار على البغاة من أهل الإسلام];2;;;;;;;;;;
;278-376; الرسالة الحادية عشرة [الفتنة والشقاق بين آل سعود];2;;;;;;;;;;
;278-377; الرسالة الثانية عشرة [الوصية بلزوم الكتاب والسنة والعمل بما فيهما];2;;;;;;;;;;
;278-378; الرسالة الثالثة عشرة [دعوة الشيخ ابن عبد الوهاب هي دعوة إلى التوحيد الخالص];2;;;;;;;;;;
;278-379; الرسالة الرابعة عشرة;2;;;;;;;;;;
;278-380; الرسالة الخامسة عشرة  وله أيضا -قدس الله روحه، ونوَّر ضريحه- رسالة إلى زيد بن محمد، هذا نصها: بسم الله الرحمن الرحيم من عبد اللطيف بن عبد الرحمن إلى الأخ المكرم زيد بن محمد، زاده الله علما، ووهب لنا وله حُكْمًا. سلام عليكم ورحمة الله وبركاته، وبعد، فالخط الذي فيه المسائل وصل، وحصل من الاشتغال والموانع ما اقتضى تأخير الجواب، ونسأل الله لنا الإعانة على ما يقرب إليه من العلم والعمل. [تفسير قوله تعالى {ويعبدون من دون الله ما لايضرهم ولا ينفعهم}];2;;;;;;;;;;
;278-381; الرسالة السادسة عشرة [رؤية الله سبحانه وتعالى في الجنة، والفرق بين صفات المعاني والمعنوية];2;;;;;;;;;;
;278-382; الرسالة السابعة عشرة [تفسير السبحات بالنور];2;;;;;;;;;;
;278-383; الرسالة الثامنة عشرة  وله -قدس الله روحه، ونور ضريحه- رسالة جوابا لمسائل وردت عليه من محمد بن راشد الجابري. (الأولى);2;;;;;;;;;;
;278-384; الرسالة التاسعة عشرة [الطعن في كتاب الإحياء];2;;;;;;;;;;
;278-385; الرسالة العشرون [السمت والتؤدة والاقتصاد في الأمور];2;;;;;;;;;;
;278-386; الرسالة الحادية والعشرون [مؤاخذة أنصار الجاني وأقاربه بجريرة فعله];2;;;;;;;;;;
;278-387; الرسالة الثانية والعشرون [إسكان النبي عليه السلام المهاجرات دور أزواجهن ميراثا];2;;;;;;;;;;
;278-388; الرسالة الثالثة والعشرون [نصيحة الشيخ للإمام فيصل بن تركي];2;;;;;;;;;;
;278-389; الرسالة الرابعة والعشرون [رسالة الشيخ محمد بن عجلان ورد الشيخ حمد بن عتيق عليها];2;;;;;;;;;;
;278-390; الرسالة الخامسة والعشرون [حال فتنة الأمراء بنجد وأحوالها ومآلها];2;;;;;;;;;;
;278-391; الرسالة السادسة والعشرون [الفتن الحاصلة بسبب الإمارة];2;;;;;;;;;;
;278-392; الرسالة السابعة والعشرون [مداهنة المشركين والسفر إلى بلادهم وعقاب فاعله];2;;;;;;;;;;
;278-393; الرسالة الثامنة والعشرون: [تكفير الترك للنجديين والتقاتل بينهم];2;;;;;;;;;;
;278-394; الرسالة التاسعة والعشرون [شروط السفر إلى بلد الشرك وحكم الهجرة];2;;;;;;;;;;
;278-395; الرسالة الثلاثون [الحاجة إلى العلم في حال الفتن];2;;;;;;;;;;
;278-396; الرسالة الحادية والثلاثون [التمسك بالميراث النبوي والحث على مذاكرة العلم];2;;;;;;;;;;
;278-397; الرسالة الثانية والثلاثون [الغلظة على الكفار ومتى أمر النبي صلى الله عليه وسلم بها];2;;;;;;;;;;
;278-398; الرسالة الثالثة والثلاثون  وله أيضا -رحمه الله تعالى- رسالة إلى عيسى بن إبراهيم جوابًا لأربع مسائل: (الأولى);2;;;;;;;;;;
;278-399; الرسالة الرابعة والثلاثون [الأمر بالاعتصام والنهي عن التفرق والاختلاف];2;;;;;;;;;;
;278-400; الرسالة الخامسة والثلاثون [تفسير قوله عز وجل: {وَمَا خَلَقْتُ الْجِنَّ وَالأنْسَ إِلَّا لِيَعْبُدُونِ}];2;;;;;;;;;;
;278-401; الرسالة السادسة والثلاثون  وله أيضا جواب مسائل سُئل عنها، وهذا نصها: [بيع دَيْن السَّلَم قبل قبضه];2;;;;;;;;;;
;278-402; الرسالة السابعة والثلاثون [الرهن وشروطه];2;;;;;;;;;;
;278-403; الرسالة الثامنة والثلاثون  وله أيضا -قدس الله روحه- رسالة إلى إبراهيم بن عبد الله بن عمار جوابا لسبع مسائل: (الأولى);2;;;;;;;;;;
;278-404; الرسالة التاسعة والثلاثون  وله أيضا;2;;;;;;;;;;
;278-405; الرسالة الأربعون [شبهات الجهمية ونفاة الصفات];2;;;;;;;;;;
;278-406; الرسالة الحادية والأربعون [ما جرى من مفاسد العساكر التركية];2;;;;;;;;;;
;278-407; الرسالة الثانية والأربعون [حكم نهب الأعراب];2;;;;;;;;;;
;278-408; الرسالة الثالثة والأربعون [بيان مضار الفتنة ومفاسد العسكر];2;;;;;;;;;;
;278-409; الرسالة الرابعة والأربعون [الظهار وتعليقه بالمشيئة];2;;;;;;;;;;
;278-410; الرسالة الخامسة والأربعون [التحريض على لزوم الجماعة];2;;;;;;;;;;
;278-411; الرسالة السادسة والأربعون [بيان خطبة الشيخ عبد اللطيف في الفتنة بين سعود وأخيه];2;;;;;;;;;;
;278-412; الرسالة السابعة والأربعون [الحث على الجهاد];2;;;;;;;;;;
;278-413; الرسالة الثامنة والأربعون [الحث على الدعوة إلى الله ونشر العلم بين الناس];2;;;;;;;;;;
;278-414; الرسالة التاسعة والأربعون [غربة الدين وقلة الأنصار];2;;;;;;;;;;
;278-415; الرسالة الخمسون [جواب عن سؤال في حديث جابر بن عبد الله والدَين الذي كان عليه لليهودي];2;;;;;;;;;;
;278-416; الرسالة الحادية والخمسون [استعمال الماضي موضع المضارع];2;;;;;;;;;;
;278-417; الرسالة الثانية والخمسون;2;;;;;;;;;;
;278-418; الرسالة الثالثة والخمسون [إلى علماء الحرمين الشريفين];2;;;;;;;;;;
;278-419; الرسالة الرابعة والخمسون [نصر مذهب السلف على علم الكلام];2;;;;;;;;;;
;278-420; الرسالة الخامسة والخمسون [نصر الدين والسنة من أفضل شعب الإيمان];2;;;;;;;;;;
;278-421; الرسالة السادسة والخمسون  وله أيضا -قدس الله روحه، ونور ضريحه- رسالة إلى عبد الله بن علي بن جريس، وقد راسله يسأله عن صلاة التراويح في السفر جماعة، وعن اتفاق الغزو على الصوم فيه، فأجابه -رحمه الله تعالى- فقال: بسم الله الرحمن الرحيم من عبد اللطيف بن عبد الرحمن بن حسن إلى الأخ المكرم عبد الله بن علي بن جريس -سلمه الله تعالى-: [الحث على التقوى];2;;;;;;;;;;
;278-422; الرسالة السابعة والخمسون [تحريم تعدد الجمعة في القرية الواحدة];2;;;;;;;;;;
;278-423; الرسالة الثامنة والخمسون [حكم الجهمية والصلاة خلفهم];2;;;;;;;;;;
;278-424; الرسالة التاسعة والخمسون [فشو الشرك والتعطيل];2;;;;;;;;;;
;278-425; الرسالة الستون  وله أيضا -قدس الله روحه-، رسالة إلى منيف بن نشاط، وقد سأله عن قول مَن يستدل على حل ذبيحة الوثني والمرتد بقوله -تعالى-: {فَكُلُوا مِمَّا ذُكِرَ اسْمُ اللَّهِ عَلَيْهِ} ;2;;;;;;;;;;
;278-426; الرسالة الحادية والستون [الفتن والامتحانات التي وقعت بين آل سعود وحكمة الله فيها];2;;;;;;;;;;
;278-427; الرسالة الثانية والستون;2;;;;;;;;;;
;278-428; الرسالة الثالثة والستون ;2;;;;;;;;;;
;278-429; الرسالة الرابعة والستون [تفسير قوله تعالى: {ليس لهم من دونه ولي ولا شفيع}];2;;;;;;;;;;
;278-430; الرسالة الخامسة والستون [رد مطاعن على الشيخ محمد بن عبد الوهاب];2;;;;;;;;;;
;278-431; الرسالة السادسة والستون [رد على الشيخ عثمان بن منصور];2;;;;;;;;;;
;278-432; الرسالة السابعة والستون [رسالة إلى أهل الحوطة بالاعتصام بالتوحيد الخالص];2;;;;;;;;;;
;278-433; الرسالة الثامنة والستون [النصيحة إلى كافة المسلمين];2;;;;;;;;;;
;278-434; الرسالة التاسعة والستون  ;2;;;;;;;;;;
;278-435; الرسالة السبعون [فضل الدعوة إلى الله];2;;;;;;;;;;
;278-436; الرسالة الحادية والسبعون [حال الأمة الإسلامية قبل ظهور الشيخ محمد بن عبد الوهاب];2;;;;;;;;;;
;278-437; الرسالة الثانية والسبعون [وصف رسالة من رسائل الشيخ ومدحه هو وآله];2;;;;;;;;;;
;278-438; الرسالة الثالثة والسبعون [شبهات في تحريم القهوة];2;;;;;;;;;;
;278-439; الرسالة الرابعة والسبعون [نفي كون ما جاء به الشيخ محمد بن عبد الوهاب مذهبا خامسا];2;;;;;;;;;;
;278-440; الرسالة الخامسة والسبعون في ترجمة الشيخ محمد بن عبد الوهاب وما قام به ودعا إليه;2;;;;;;;;;;
;278-441; ذيل لهذه المجموعة في فتويين للشيخ رحمه الله تعالى وجدتا في أثنائها } ;2;;;;;;;;;;
;278-442;  (سؤال عن بيع عقار الميت لوفاء دينه);2;;;;;;;;;;
;278-443;  (سؤال عن تركة ميت قسم ماله بين أولاده وأوصى لصغارهم);2;;;;;;;;;;
;278-444; كلمة في هذه المجموعة  {وَاللَّهُ يَقُولُ الْحَقَّ وَهُوَ يَهْدِي السَّبِيلَ};2;;;;;;;;;;
;278-445;كتاب الجواهر المضية  لمجدد الدعوة النجدية شيخ الإسلام،;1;;;;;;;;;;
;278-446; عقيدة الشيخ محمد بن عبد الوهاب رحمه الله تعالى } ;2;;;;;;;;;;
;278-447; رسالة في المسائل الخمس الواجب معرفتها  ;2;;;;;;;;;;
;278-448; رسالة في النفاق الأكبر والأصغر وصفات المنافقين ];2;;;;;;;;;;
;278-449; رسالة في كلمة لا إله إلا الله  ;2;;;;;;;;;;
;278-450; رسالة في الشهادتين ودلائل نبوة محمد صلى الله عليه وسلم  ;2;;;;;;;;;;
;278-451; رسالة في كلمة التوحيد  ;2;;;;;;;;;;
;278-452; رسالة أخرى في كلمة التوحيد (وكونها تنفي أربعًا وتثبت أربعًا);2;;;;;;;;;;
;278-453; مذاكرة الشيخ مع أهل حريملاء في كلمة التوحيد، وفيمن يجمع بينها وبين الشرك ];2;;;;;;;;;;
;278-454; رسالة أخرى في كلمة التوحيد  ;2;;;;;;;;;;
;278-455; رسالة في حقيقة الإسلام من الكتاب والسنة (ومن خالفهما من أدعياء العلم والعرفان);2;;;;;;;;;;
;278-456; ذبيحة المرتد وما يكفر به المسلم وحكمه } ;2;;;;;;;;;;
;278-457;كتاب جواب أهل السنة النبوية في نقض كلام الشيعة والزيدية  ;1;;;;;;;;;;
;278-458; الاختلاف بين علي ومعاوية {ورأي أهل السنة في هذه الفتن} ;2;;;;;;;;;;
;278-459; مدة الحرب بين علي ومعاوية;2;;;;;;;;;;
;278-460; فصل [في افتراق الأمة بعد قتل عثمان];2;;;;;;;;;;
;278-461; فصل [في تفضيل أهل السنة عليا على معاوية];2;;;;;;;;;;
;278-462; فصل [في إنصاف أهل السنة وكذب الروافض];2;;;;;;;;;;
;278-463; فصل [في موالاة أهل السنة لعلي وتفسيقهم لمن سبوه وطغوا عليه];2;;;;;;;;;;
;278-464; فصل {الأقوال والآراء في قتال الحسين -رضي الله عنه- ليزيد} ;2;;;;;;;;;;
;278-465; فصل {بيان مذهب الزيدية من البدع} ;2;;;;;;;;;;
;278-466; فصل [في قول ابن معين في مذهب الزيدية];2;;;;;;;;;;
;278-467; فصل {الشيعة المعتدلون من أئمة الحديث};2;;;;;;;;;;
;278-468; فصل {افتراء الشيعة على أهل السنة الانحراف عن آل البيت وتولي الدول الجائرة} ;2;;;;;;;;;;
;278-469; فصل (في أهواء الشيعة والخوارج في حديث الردة وحديث الوصية بآل البيت);2;;;;;;;;;;
;278-470; فصل (في تفسير {قُلْ لا أَسْأَلُكُمْ عَلَيْهِ أَجْرًا إِلَّا الْمَوَدَّةَ فِي الْقُرْبَى});2;;;;;;;;;;
;278-471; فصل (في تفسير {إِنَّمَا يُرِيدُ اللَّهُ لِيُذْهِبَ عَنْكُمُ الرِّجْسَ أَهْلَ الْبَيْتِ} ;2;;;;;;;;;;
;278-472; فصل {في أهواء الشيعة في مناقب أحاديث آل البيت} ;2;;;;;;;;;;
;278-473; فصل  وأما قوله: فلقد فرقت بين النبي صلى الله عليه وسلم وقطعت ما وصله الله ورسوله.;2;;;;;;;;;;
;278-474; فصل (زعم الزيدي أن الوهابي كفّر من خالف مذهبه، وإبطاله);2;;;;;;;;;;
;278-475; فصل [قول السلف في الاستواء على العرش];2;;;;;;;;;;
;278-476; فصل {في إنكار الزَّيْدِي صفة العلو والفوقية لله تعالى، والرد عليه} ;2;;;;;;;;;;
;278-477; فصل [الاحتجاج بالمُرْسَل ورد دعوى تكفير الوهابية لمن خالفهم مطلقا];2;;;;;;;;;;
;278-478; فصل [في بدعة إنكار القدر وتقدمها على بدعة تأويل الصفات];2;;;;;;;;;;
;278-479; فصل {في مسألة القدر وإثبات السلف والخلَف [من];2;;;;;;;;;;
;278-480; فصل [المبتدعة ترد ما وصف الله به نفسه بزعم التجسيم];2;;;;;;;;;;
;278-481; فصل {في شبهة تأويل بعض السلف للصفات} ;2;;;;;;;;;;
;278-482; فصل [تشنيع المبتدع على أهل السنة في مسألة الصفات، ورده];2;;;;;;;;;;
;278-483;فصل  [في إبطال زعم أن الرسول صلى الله عليه وسلم لم يفسر الصفات];2;;;;;;;;;;
;278-484; فصل  وأما قوله: (ثم لا يخفى أن المجيب قد جعل أهل السنة والجماعة هم أهل;2;;;;;;;;;;
;278-485; فصل [في إبطال زعم أن الطائفة الناجية هم أهل البيت فقط];2;;;;;;;;;;
;278-486; فصل [جدل المعترض في صفات الله تعالى، والرد عليه];2;;;;;;;;;;
;278-487; رَدُّ الإمام أحمد على الزَنَادِقة والجَهْميّة;2;;;;;;;;;;
;278-488; فصل [مذهب آل البيت في الصفات];2;;;;;;;;;;
;278-489; فصل [مذهب السلف والخلف في الصفات، وجهل المعترض ذلك];2;;;;;;;;;;
;278-490; {نُقُول مصنفي السلف في مذهب أهل السنة في صفات الله تعالى};2;;;;;;;;;;
;278-491; فصل [في إبطال تأويل الاستواء بالاستيلاء];2;;;;;;;;;;
;278-492; فصل [نقض حجة الزيدي من كلام من احتج بهم];2;;;;;;;;;;
;278-493; فصل [اختلاف أهل البيت في الصفات وغيرها كغيرهم];2;;;;;;;;;;
;278-494; فصل [ما قيل في إسرار النبي إلى بعض أزواجه حديثا];2;;;;;;;;;;
;278-495; فصل [رأي الزيدية في الإمامة وغلو الإمامية والباطنية];2;;;;;;;;;;
;278-496; فصل {في وصف العالم الزيدي الشيعة الإمامية بالغلو كالباطنية، وإثبات غلو الزيدية دون غلوهما} ;2;;;;;;;;;;
;278-497; فصل [الاستدلال بالأحاديث الضعيفة والموضوعة];2;;;;;;;;;;
;278-498; فصل [انصراف وصيته -صلّى الله عليه وسلّم- بأهل بيته إلى من في زمنه منهم];2;;;;;;;;;;
;278-499; فصل [رواة أهل السنة لا يتعصبون في الروايات كالشيعة];2;;;;;;;;;;
;278-500; فصل [بغي بعض المسلمين على بعض لا يقتضي الكفر ولا ينفي محبتهم جميعا];2;;;;;;;;;;
;278-501; فصل [مخالفة الشيعة لأهل السنة في الصحابة وآل البيت];2;;;;;;;;;;
;278-502; فصل [في اعتدال أهل السنة بين غلو الشيعة وجفوة النواصب];2;;;;;;;;;;
;278-503; فصل [مذهب الزيدية في لعن معاوية];2;;;;;;;;;;
;278-504; فصل [لا أحد يشهد لأحد بالجنة أو النار إلا من ثبت له ذلك];2;;;;;;;;;;
;278-505; فصل [حمل الشيعة أخبار المرتدين على من قاتلهم من الصحابة لا عليهم];2;;;;;;;;;;
;278-506; فصل [تفسير الشيعة وأهل السنة لآية {وإن طائفتان} ;2;;;;;;;;;;
;278-507; فصل [حديث غدير خم، وزيادة الشيعة فيه لفظ ومعنى];2;;;;;;;;;;
;278-508; فصل [كذب الشيعة على معاوية وما أنكره أهل السنة عليه];2;;;;;;;;;;
;278-509; فصل [دعوى الزيدية العصمة لعلي كدعوى الإمامية النص على إمامته];2;;;;;;;;;;
;278-510; فصل {في كلام بعض أهل البيت في الثناء على معاوية} ;2;;;;;;;;;;
;278-511;كتاب بيان المحجة في الرد على اللجة ;1;;;;;;;;;;
;278-512; نفي ما في البردة من شرك نشأ عن جهل وفساد تصور ];2;;;;;;;;;;
;278-513; هدم الإسلام للشرك ثم عودته إلى المسلمين وفشوه فيهم ];2;;;;;;;;;;
;278-514; أبيات البردة فيها الاستعانة والاستغاثة بغير الله ];2;;;;;;;;;;
;278-515; عبادة النصارى وتأليههم للمسيح ];2;;;;;;;;;;
;278-516; اتخاذ أهل الكتاب أحبارهم ورهبانهم أربابا ];2;;;;;;;;;;
;278-517; نبذ الشرك وعبادة الله وحده ];2;;;;;;;;;;
;278-518; دعوة جميع الرسل إلى عبادة الله وحده ];2;;;;;;;;;;
;278-519; إخلاص الدعاء لغير الله ];2;;;;;;;;;;
;278-520; [تفسير قوله {يَوْمَ لا تَمْلِكُ نَفْسٌ لِنَفْسٍ شَيْئًا وَالأَمْرُ يَوْمَئِذٍ لِلَّهِ}];2;;;;;;;;;;
;278-521; لا شريك لله في ملكه كما لا شريك له في إلهيته وربوبيته ];2;;;;;;;;;;
;278-522; إحاطة العلم بالمعلومات كلياتها وجزئياتها ];2;;;;;;;;;;
;278-523; الموافقة في الاسم لا تنفع إلا بالموافقة في الدين واتباع السنة ];2;;;;;;;;;;
;278-524; موت أبي طالب على الشرك ];2;;;;;;;;;;
;278-525; [لا وسيلة للعبد إلى نيل شفاعة النبي -صلّى الله عليه وسلّم- إلا بالإيمان به وبما جاء به من توحيد الله];2;;;;;;;;;;
;278-526; الشفاعة الشركية والشفاعة الشرعية بقيديها ];2;;;;;;;;;;
;278-527; حديث الشفاعة العظمى ];2;;;;;;;;;;
;278-528; سؤال الحي الحاضر والتوسل إلى الله بدعائه ];2;;;;;;;;;;
;278-529; [التوسل بالنبي -صلّى الله عليه وسلّم- بعد وفاته لا يجوز];2;;;;;;;;;;
;278-530; مراتب البدع عند القبور ];2;;;;;;;;;;
;278-531; النبي ينهى أمته عن كل ما يؤول بهم إلى الغلو ];2;;;;;;;;;;
;278-532; توحيد الرب ونفي خصائصه عما سواه ];2;;;;;;;;;;
;278-533; [الشرك بالله هضم للربوبية وتنقُّص للإلهية];2;;;;;;;;;;
;278-534; الله يستدرج أهل الشرك بأمور تقع لهم يظنونها كرامات عقوبة لهم ];2;;;;;;;;;;
;278-535; حكمة الرب في خلق السماوات والأرض ];2;;;;;;;;;;
;278-536; التصرف في الكون لله وحده ];2;;;;;;;;;;
;278-537; نفي الملك والشركة والمظاهرة والشفاعة التي يطلبها المشرك ];2;;;;;;;;;;
;278-538; طلب الشفاعة ممن لا يملكها كالأموات شرك بالله ];2;;;;;;;;;;
;278-539; [تعليم النبي -صلّى الله عليه وسلّم- ابن عباس الدعاء];2;;;;;;;;;;
;278-540; الفتنة بالعالم الفاجر والعابد الجاهل أضر من كل فتنة ];2;;;;;;;;;;
;278-541; حجة الجاهلين منامات وحكايات مجهولة عن مجهول ];2;;;;;;;;;;
;278-542; تسوية المخلوق بالخالق خلاف العقل ];2;;;;;;;;;;
;278-543; التوكل على الله جماع الإيمان ];2;;;;;;;;;;
;278-544; [الإحاطة بما في اللوح المحفوظ علما ليس إلا لله -تعالى- وحده];2;;;;;;;;;;
;278-545; [اختص الله -تعالى- بعلم الغيب كله];2;;;;;;;;;;
;278-546; كذب المعترض على أهل العلم ما لم يقولوه في معنى مفاتيح الغيب ];2;;;;;;;;;;
;278-547; قول أهل العلم في معنى مفاتيح الغيب ];2;;;;;;;;;;
;278-548; قول السلف في مفاتيح الغيب ];2;;;;;;;;;;
;278-549; لا أحد يكفر أحدا مات وظاهره الإسلام ];2;;;;;;;;;;
;278-550; عيوب الكشاف ];2;;;;;;;;;;
;278-551; أفضل كتب التفاسير ];2;;;;;;;;;;
;278-552; حدوث الشرك والبدع والفرقة في الأمة ];2;;;;;;;;;;
;278-553; لا يأتي على الناس زمان إلا والذي بعده شر منه ];2;;;;;;;;;;
;278-554; رد أهل السنة للبدع وأشهر أئمتهم في ذلك ];2;;;;;;;;;;
;278-555; ظهور الفتن والبدع في كل بلد لا يختص بها قطر ];2;;;;;;;;;;
;278-556; [الأرض لا تقدس أحدًا وإنما يُقَدِّسُ المرءَ عملُهُ];2;;;;;;;;;;
;278-557; الحديث في فتن نجد إنما يظهر في نجد المدينة وهو العراق ];2;;;;;;;;;;
;278-558; رؤيا النبي دار الهجرة وذهاب وهله أنها اليمامة ];2;;;;;;;;;;
;278-559; فشو الشرك المخالف لفاتحة الكتاب وسورة الناس ];2;;;;;;;;;;
;278-560; كلام ابن تيمية في شرك القبوريين ];2;;;;;;;;;;
;278-561; آيات القرآن في أن دعاء غير الله شرك ];2;;;;;;;;;;
;278-562; نفي الشفاعة الشركية ];2;;;;;;;;;;
;278-563; شبهة من يدعو غير الله ];2;;;;;;;;;;
;278-564; لعن متخذي القبور مساجد ];2;;;;;;;;;;
;278-565; كراهة السلف لتعظيم القبور والاستغاثة بالموتى ];2;;;;;;;;;;
;278-566; ليس لسؤال الموتى تأثير في الإجابة ];2;;;;;;;;;;
;278-567; [الأنبياء والصالحون لم يُعْبَدُوا إلا بعد موتهم];2;;;;;;;;;;
;278-568; الفتنة بقصائد المتأخرين في مدح النبي وغيره والاستغاثة بهم ];2;;;;;;;;;;
;278-569; مقصود زيارة الموحدين للقبور ];2;;;;;;;;;;
;278-570; الشفاعة جميعها لله يأذن لمن شاء لمن ارتضى ];2;;;;;;;;;;
;278-571; الفرق بين شفاعة المخلوق إلى الخالق وشفاعته إلى المخلوق ];2;;;;;;;;;;
;278-572; شفاعة المخلوق إلى المخلوق لا يفتقر فيها إلى المشفوع عنده ];2;;;;;;;;;;
;278-573; [الله تعالى هو الذي يُحَرِّك الشفيع حتى يشفع];2;;;;;;;;;;
;278-574;كتاب المورد العذب الزلال في كشف شبه أهل الضلال ;1;;;;;;;;;;
;278-575; نواقض التوحيد ];2;;;;;;;;;;
;278-576; موالاة المشركين بالنصرة والإعانة ناقض للإسلام ];2;;;;;;;;;;
;278-577; لا يثبت الإسلام ولا يتحقق إلا بالعمل بشرائعه ];2;;;;;;;;;;
;278-578; مما يثبت به الإسلام أداء الأمانات واجتناب المحرمات ];2;;;;;;;;;;
;278-579; فصل في الإشارة إلى ما تضمنَتْهُ لا إله إلا الله من نَفْيِ الشرك وإبطاله، ;2;;;;;;;;;;
;278-580; شروط كلمة التوحيد ];2;;;;;;;;;;
;278-581; [بعض أعمال المنافقين وأقوالهم التي عُدَّت كفرا];2;;;;;;;;;;
;278-582; دعوة الرسل والأنبياء أقوامهم إلى عبادة الله وحده ];2;;;;;;;;;;
;278-583; القرآن تحقيق لمعنى كلمة التوحيد ];2;;;;;;;;;;
;278-584; [جواب الشيخ محمد بن عبد الوهاب لمن سأله عما يقاتِلون عليه وما يكفِّر به];2;;;;;;;;;;
;278-585; فصل: وهذا شروع في الجواب المشار إليه سابقًا،;2;;;;;;;;;;
;278-586; الرد على من طعن في الشيخ عبد الرحمن بن حسين ];2;;;;;;;;;;
;278-587; حل جوائز السلطان ];2;;;;;;;;;;
;278-588; أخذ العلماء أرزاقهم من بيت المال ];2;;;;;;;;;;
;278-589; الوهابية لا يكفرون إلا بما أجمع العلماء على أنه كفر ];2;;;;;;;;;;
;278-590; فشو الشرك بالدعاء والاستغاثة بغير الله ];2;;;;;;;;;;
;278-591; امتحان الله الناس في الفتن للتمييز بينهم ];2;;;;;;;;;;
;278-592; دعاء النبي للمؤمنين الذين عجزوا عن الهجرة معه ];2;;;;;;;;;;
;278-593; الظالمون لأنفسهم بترك الهجرة وحالهم عند الموت ];2;;;;;;;;;;
;278-594; وعيد من ترك الهجرة إلا المستضعفين ];2;;;;;;;;;;
;278-595; هجرة الصحابة إلى الحبشة وإكرام النجاشي لهم ];2;;;;;;;;;;
;278-596; حال المسلم الذي يقيم بين المشركين المعادين للإسلام ];2;;;;;;;;;;
;278-597; [شبهة استئجار أبي بكر لعبد الله بن أريقط، والرد عليها];2;;;;;;;;;;
;278-598;كتاب بيان كلمة التوحيد والرد على الكشميري عبد المحمود;1;;;;;;;;;;
;278-599; دعوة الرسل كلهم إخلاص العبادة لله وحده ];2;;;;;;;;;;
;278-600; ورقة في معنى كلمة التوحيد لكاتب مجهول ];2;;;;;;;;;;
;278-601; غلط كثير من الطوائف في مسمى التوحيد ];2;;;;;;;;;;
;278-602; الرد على تفسير الورقة لكلمة إله ];2;;;;;;;;;;
;278-603; أصل دعوة الرسل عبادة الله وحده ];2;;;;;;;;;;
;278-604; قول الورقة: إن الإله مشتق من ألهه ];2;;;;;;;;;;
;278-605; [قول الورقة: إن العرف خصَّ معنى الإله بالمعبود بحق];2;;;;;;;;;;
;278-606; النفي والإثبات في كلمة التوحيد ];2;;;;;;;;;;
;278-607; زعم عدم تحقق العبادة إلا بعد استحقاق المعبود لها ];2;;;;;;;;;;
;278-608; [قوله: إن المعبودات الباطلة سميت آلهة من حيث اعتقاد عبَّادها];2;;;;;;;;;;
;278-609; وقوله: (كما ورد في أكثر موارد القرآن);2;;;;;;;;;;
;278-610; وأما قوله: (فمدفوع بأن إطلاقه عليها بالنظر إلى اعتقاد عبادها);2;;;;;;;;;;
;278-611; الإله المنفي في كلمة الإخلاص ];2;;;;;;;;;;
;278-612; إعراب لا إله إلا الله ];2;;;;;;;;;;
;278-613; ما يقتضيه إعراب المعترض لها من الفساد ];2;;;;;;;;;;
;278-614; وجوب تحقيق معنى لا إله إلا الله ];2;;;;;;;;;;
;278-615; أقوال كبار المتكلمين في معنى لا إله إلا الله وإعرابها ];2;;;;;;;;;;
;278-616; عود إلى الآيات في معنى لا إله إلا الله ];2;;;;;;;;;;
;278-617; اقتضاء كلمة التوحيد إبطال عبادة كل ما عبد من دون الله ];2;;;;;;;;;;
;278-618; شكوى قريش لأبي طالب من النبي وكلامه ];2;;;;;;;;;;
;278-619; زعم أن كلمة التوحيد لا تنفي إلا مفهوما كليا ];2;;;;;;;;;;
;278-620; الوجوه المبطلة للقول بأن نفي الكلي ليس له أفراد في الخارج ];2;;;;;;;;;;
;278-621; [الإله هو المعبود، والعبادة حق الله وحده بالإجماع;2;;;;;;;;;;
;278-622; رد قول أن المنفي بلا إله إلا الله كلي منوي ];2;;;;;;;;;;
;278-623; الزعم بأن المستثنى بها هو المفهوم العام ];2;;;;;;;;;;
;278-624; قول أفلاطون وأتباعه: إن الله هو الوجود المطلق ];2;;;;;;;;;;
;278-625; رد شيخ الإسلام على قول أفلاطون ];2;;;;;;;;;;
;278-626; الرد على تفسير الورقة لكلمة التوحيد ];2;;;;;;;;;;
;278-627; المنفي بكلمة التوحيد كل ما عبد ويعبد من دون الله ];2;;;;;;;;;;
;278-628; التوحيد هو الكفر بالطواغيت والأصنام وإخلاص العبادة لله وحده ];2;;;;;;;;;;
;278-629; معنى لا إله إلا الله وإعرابها عند الكوراني ];2;;;;;;;;;;
;278-630; الرد على من صرف كلمة التوحيد عن معناها ];2;;;;;;;;;;
;278-631; المنفي في كلمة التوحيد الإلهية الكثيرة الموجودة في الخارج ];2;;;;;;;;;;
;278-632; وضع الأسماء الشرعية للمسميات البدعية ];2;;;;;;;;;;
;278-633; تفسير العلماء لكلمة التوحيد ];2;;;;;;;;;;
;278-634; ذيل للرد للعلامة ابن بطين ];2;;;;;;;;;;
;278-635;مسائل وفتاوى للشيخ: عبد الرحمن بن حسن بن محمد بن عبد الوهاب;1;;;;;;;;;;
;278-636;[جوابه عن قول الخطيب: الحمد لله الذي تحيرت العقول في مبدأ أنواره الخ];2;;;;;;;;;;
;278-637; الفرق بين الرخصة والعزيمة {وحكم الشرع فيهما} ;2;;;;;;;;;;
;278-638; مسألة الجد والإخوة ];2;;;;;;;;;;
;278-639; [قلب الدَّيْن على من له عقار وعوامل ونواضح ونحوها];2;;;;;;;;;;
;278-640; في الرد على الجهمية والرافضة;2;;;;;;;;;;
;278-641;مسائل شتى سئل عنها الشيخ عبد الله أبو بطين  ;1;;;;;;;;;;
;278-642; ثلاث مسائل ];2;;;;;;;;;;
;278-643;  معنى قول الشيخ محمد بن إسماعيل الأمير الصنعاني -رحمة الله عليه-: ولا ينفع المشرك قوله: أنا لا أشرك بالله شيئا لأن فعله أكذب قوله،  فإن قلت: هم جاهلون أنهم مشركون بما يفعلون، قلت: قد صرَّح الفقهاء في باب الردة أن من تكلم بكلمة الكفر يكفر وإن لم يقصد معناها. وهذا دال على أنهم لا يعرفون حقيقة الإسلام، ولا ماهية التوحيد، فصاروا حينئذ كفارا كفرا أصليا، فإن الله -تعالى- قد فرض على عباده إفراده بالعبادة، أن لا يعبدوا إلا إياه. ذكره في تطهير الاعتقاد.;2;;;;;;;;;;
;278-644;مسائل وفتاوى للشيخ عبد الرحمن بن حسن;1;;;;;;;;;;
;278-645;" معنى قوله في الاستفتاح   ;ولا إله غيرك  ;";2;;;;;;;;;;
;278-646; مسألة في بعض ما يتعلق بغلة الوقف;2;;;;;;;;;;
;278-647; نصيحة لولي الأمر بالحرص على إقامة الدين;2;;;;;;;;;;
;278-648; جواب فيصل للشيخ عبد الرحمن عن نصيحته المتقدمة;2;;;;;;;;;;
;278-649; الرد على من قال بقول الفلاسفة في دعاء الموتى والتعلق بأرواحهم;2;;;;;;;;;;
;278-650; الوصية بتدبر كتاب الله ];2;;;;;;;;;;
;278-651; الجواب عن مسائل اختلف فيها طلبة العلم ];2;;;;;;;;;;
;278-652; فتاوى فقهية في خروج النساء ولبس الحرير وغير ذلك } ;2;;;;;;;;;;
;278-653;" قوله صلى الله عليه وسلم   ;الدين النصيحة  ;";2;;;;;;;;;;
;278-654; (تقريظ للرسالة الماضية);2;;;;;;;;;;
;278-655; الكتب التي يؤخذ منها التوحيد، والنهي عن الحرير } ;2;;;;;;;;;;
;278-656; {فتاوى ومسائل فقهية - في الطلاق الثلاث وغيره};2;;;;;;;;;;
;278-657; معنى التقوى وتفسير قول الله تعالى: {يَا أَيُّهَا الَّذِينَ آمَنُوا اتَّقُوا اللَّهَ حَقَّ تُقَاتِهِ} ;2;;;;;;;;;;
;278-658; كتابه إلى محمد بن عمر وفيه ذكر تآليف ابن منصور } ;2;;;;;;;;;;
;278-659; كتاب آخر إلى محمد بن عمر (وفيه الرد على من زعم أنه لا يصح تبديع مسلم ولا تفسيقه);2;;;;;;;;;;
;278-660; جواب سؤال عمن يجتمع للصلاة على النبي صلى الله عليه وسلم يوم الجمعة في المسجد، وعن صلاة الجمعة قبل الزوال، ومسائل أخرى );2;;;;;;;;;;
;278-661; (جوابه عن كتاب من محمد آل عمر السليم);2;;;;;;;;;;
;278-662; {نصيحة بالعمل بما دلت عليه الشهادتان};2;;;;;;;;;;
;278-663;بعض رسائل الشيخ عبد اللطيف بن عبد الرحمن;1;;;;;;;;;;
;278-664; رسالة في الكلام على  ;2;;;;;;;;;;
;278-665; حكمة الله في ابتلائه المؤمنين } ;2;;;;;;;;;;
;278-666; شكر النعمة يوجب زيادتها ومعنى قوله تعالى: {وَإِذْ قَالَ مُوسَى لِقَوْمِهِ يَا قَوْمِ اذْكُرُوا نِعْمَةَ اللَّهِ عَلَيْكُمْ إِذْ جَعَلَ فِيكُمْ أَنْبِيَاءَ وَجَعَلَكُمْ مُلُوكًا} ;2;;;;;;;;;;
;278-667; كتاب منه إلى سهل بن عبد الله {يرشده فيه إلى تدبر كتاب الله} ;2;;;;;;;;;;
;278-668; جواب كتاب منه إليه يشنع فيه على حج المشاهد والمقابر } ;2;;;;;;;;;;
;278-669; التحذير عن البطالة;2;;;;;;;;;;
;278-670; الوصية الجامعة لزوم التقوى في كل حال;2;;;;;;;;;;
;278-671; كتابه إلى محمد آل عمر وفيه ذكر شرحه كتاب الكبائر } ;2;;;;;;;;;;
;278-672; كتاب منه إلى صالح آل عثمان } ;2;;;;;;;;;;
;278-673; حسن الالتجاء إلى الله والثقة به;2;;;;;;;;;;
;278-674; {في تعظيم أوامر الله ومجاهدة أعدائه};2;;;;;;;;;;
;278-675; رسالة في القول فيما يذهب إليه الناس اليوم من العقيدة الأشعرية وإمامة من يعتقدها وتوليه القضاء  ;2;;;;;;;;;;
;278-676; فتاوى في مسائل مختلفة {في الديات والجروح ودم الذمي والمعاهد والحربي} ;2;;;;;;;;;;
;278-677; حكم وطء الرجل مملوكة ولده } ;2;;;;;;;;;;
;278-678; رسالة (في الاعتصام والاتباع والنهي عن التفرق والابتداع);2;;;;;;;;;;
;278-679;رسائل وفتاوى للشيخ عبد الله أبا بطين;1;;;;;;;;;;
;278-680; تشديد الشيخ ابن تيمية وتلميذه في أمر الشرك (إنما هو اتباع لما جاء عن الله ورسوله في ذلك);2;;;;;;;;;;
;278-681; رسالة في دحض شبهات على التوحيد من سوء الفهم لثلاثة أحاديث  ;2;;;;;;;;;;
;278-682; (رسالة);2;;;;;;;;;;
;278-683; الطلاق على عوض;2;;;;;;;;;;
;278-684; نصيحة في التمسك بالتوحيد، والأمر بإنكار المنكر );2;;;;;;;;;;
;278-685; فتاوى في الاستشفاع والاستغاثة وغيرها  سئل الشيخ عبد الله بن عبد الرحمن -أبا بطين-، عن المسائل الآتية، فأجاب عنها بما نصه:- [معنى الاستشفاع والاستغاثة];2;;;;;;;;;;
;278-686; معنى كلمة التوحيد وحكم من قالها ولم يكفر بما يعبد من دون الله;2;;;;;;;;;;
;278-687; معنى كلمة التوحيد وما تنفي وما تثبت ];2;;;;;;;;;;
;278-688; فتاوى فقهية ومسائل (في تصرف وصي الصبي في ماله، وفي الطلاق، وأيهما يقدم من مال الميت: سداد الدين أو الحج عنه؟);2;;;;;;;;;;
;278-689; رسالة في هبة ثواب الأعمال إلى الميت هل يجوز أم لا؟ } ;2;;;;;;;;;;
;278-690; رسالة في حكم من يكفِّر غيره من المسلمين والكفر الذي يعذر صاحبه بالجهل (فلا يحكم عليه به إلا بعد أن تقوم عليه الحجة);2;;;;;;;;;;
;278-691; فائدة عظيمة من كلام مفتي الديار النجدية عبد الله بن عبد الرحمن أبا بطين -قدس الله سره- (في موضوع التكفير المتقدم عنه);2;;;;;;;;;;
;278-692; رسالة أخرى في سكوت أكثر الناس عن المنكرات {وكونه لا يعد إجماعا يحتج به على مشروعيتها؟} ;2;;;;;;;;;;
;278-693; رسالة له أخرى (في الرد على من احتج على جواز الشرك والضلال بعمل الناس وكثرة السواد);2;;;;;;;;;;
;278-694; أسئلة عن أحاديث غير صحيحة وأجوبتها;2;;;;;;;;;;
;278-695;قول بعضهم: الجمعة خلف غير المتزوج لا تصح. وإتمام التراويح 20 ركعة ];2;;;;;;;;;;
;278-696; الكلام على إعادة الروح إلى الميت في قبره وقت السؤال );2;;;;;;;;;;
;278-697;{بيان الربا وما يعمله الناس اليوم من الحيل ليصلوا به إلى الربا 2};2;;;;;;;;;;
;278-698; {المسائل الحفظية};2;;;;;;;;;;
;278-699;رسائل للشيخ عبد الرحمن بن حسن;1;;;;;;;;;;
;278-700; وجوب جهاد أهل الفساد ودفع فسادهم في الدين );2;;;;;;;;;;
;278-701; الآيات في التوحيد الذي دعت إليه كل الأنبياء );2;;;;;;;;;;
;278-702; أقوال العلماء في الاشتغال بفن المنطق;2;;;;;;;;;;
;278-703;رسائل للشيخ عبد اللطيف بن عبد الرحمن بن حسن;1;;;;;;;;;;
;278-704; رسالة أدبية، سياسية صوفية فيها الإشارة إلى ما حدث للمسلمين من العقاب بذنوبهم (وما يجب عليهم في هذا المشهد من التوبة عن السيئات، وما فوقه من مشهد الأسماء والصفات);2;;;;;;;;;;
;278-705; وجوب صلاة الجمعة على أهل القرى والعدد الذي تنعقد به جماعتها;2;;;;;;;;;;
;278-706; وصية بالتقوى (والأمر بالمعروف والنهي عن المنكر);2;;;;;;;;;;
;278-707; رسالة {في بيان فضل من يحيي السنة ويهدم الشرك والبدعة} ;2;;;;;;;;;;
;278-708; الإشارة إلى إيواء أهل عنيزة لبعض الخارجين وأخذ العهود عليهم في الامتناع منه } ;2;;;;;;;;;;
;278-709; عموم المصاب بقسوة القلوب وانصراف الخلق عن العبادة وغربة الإسلام );2;;;;;;;;;;
;278-710; حكم العمل بالخط المعروف في الوصية وغيرها } ;2;;;;;;;;;;
;278-711; فتوى في حق الضيف على أهل القرى والبادية );2;;;;;;;;;;
;278-712;" المسائل الشرعية إلى علماء الدرعية  جواب مسألة سئل فيها الشيخ عبد العزيز   ;قاضي الدرعية  ; ومن حوله من العلماء* المسماة   ;المسائل الشرعية إلى علماء الدرعية  ;. فوصل الجواب، واختصر ألفاظ السؤال في كل باب، بل حُذف كثير من ذلك الخطاب، لكن بيت القصيد قد ضمن في الجواب السديد. وصلى الله على محمد النبي الأمي، وآله وصحبه وسلم. نص الجواب بسم الله الرحمن الرحيم الحمد لله رب العالمين، وبه التوفيق، وبيده أزِمَّة الهداية والتحقيق. [الشرك الأكبر الذي يحل الدم والمال]";2;;;;;;;;;;
;278-713; فتاوى ومسائل فقهية مختلفة {لبعض علماء نجد  معزوة إليهم} ;2;;;;;;;;;;
;278-714; أجوبة مسائل سئل عنها الشيخ سليمان بن علي وغيره ، وأجاب فيها بما صورته:;2;;;;;;;;;;
;278-715; (مسألة في أن على مؤجر الأرض قيمة حفر البئر إذا كان فيها دفين أو غيره);2;;;;;;;;;;
;278-716; مسألة في حق النخلة في الماء المجاور لها;2;;;;;;;;;;
;278-717; مسألتان: دعوى أن الميت أقر له بنخلتين من ثلاث وجهل عين أحدهما، ورجوع المقر عن إقراره ];2;;;;;;;;;;
;278-718;رسالتان للشيخ حمد بن ناصر بن معمر;2;;;;;;;;;;
;278-719; النبذة الشريفة النفيسة في الرد على القبوريين  من فتاوى {العلامة مفتي الديار النجدية، وعالم الطائفة السلفية} ;2;;;;;;;;;;
;278-720; رسالة فيما يدلي به العاصب من الورثة وما لا يدلي  ;2;;;;;;;;;;
;278-721; {رسالة فيما يلحق بالنقدين في الزكاة وما لا يلحق فيها مما يتعامل الناس به};2;;;;;;;;;;
;278-722; تنزيه الذات والصفات من درن الإلحاد والشبهات  لبعض علماء نجد  الأعلام من مطبوعات صاحب الجلالة السعودية، ومحيي السنة المحمدية الإمام عبد العزيز آل سعود ملك الحجاز ونجد وملحقاتها (وقد وقفه على من ينتفع به من أهل العلم والدين);2;;;;;;;;;;
;278-723; رسالة فيما هو الميثاق الذي أخذ الله على بني آدم  ;2;;;;;;;;;;
;278-724; الرد على المدعو عبد المحمود البخاري {فيما موّه به من أقوال الاتحادية والمشركين} ;2;;;;;;;;;;
;278-725; رسالة في العهد والأمان هل يشترط في احترامهما أن يكون من يعقدهما مؤمنًا عدلًا أم لا؟ وفي العهد والأمان الذي يكون من البدو والأعراب لبعضهم ولغيرهم  ;2;;;;;;;;;;
;278-726; مسائل وفتاوى في الطلاق والخلع والشهادات والعينة وشروط الصلاة وغيرها  ;2;;;;;;;;;;
;278-727; مسائل وفتاوى فقهية لبعض علماء نجد  ;2;;;;;;;;;;
;278-728; مسائل وفتاوى أخرى لبعض علماء نجد*  ;2;;;;;;;;;;
;278-729; مسائل وفتاوى في القراءة في الصلاة والطهارة والوضوء والتيمم والطلاق والعدة وعورة الأمة والكلام عند الأذان وتلاوة القرآن وغير ذلك  ;2;;;;;;;;;;
;278-730; مسائل سئل عنها الشيخ محمد بن عبد الوهاب  ;2;;;;;;;;;;
;278-731; مسائل وفتاوى في الطلاق والعدة والإجارة والثمار والعاقلة، والتيمم لنجاسة الثوب والبدن، والحدود والنكاح والإقرار وغير ذلك  ;2;;;;;;;;;;
;278-732;" الكَلامُ المُنْتَقى مما يتعلّق بكلمَة التقوى   ; لا إله إلّا الله  ; تأليف العلامة سعيد بن حجي الحنبلي النجدي رحمه الله وعفا عنه آمين  تنبيه قد ظفرنا بهذه الرسالة بعد طبع الرسائل التي أرسلها إلينا الإمام والملك الهمام، فاستحسنا أن نجعلها مسك الختام  من مطبوعات صاحب الجلالة السعودية، ومحيي السنة المحمدية الإمام عبد العزيز آل سعود ملك الحجاز ونجد وملحقاتها أيده الله ووفقه (وقد وقفها على من ينتفع بها من أهل العلم والدين)";2;;;;;;;;;;
;278-733;رسالتان للشيخ سعيد بن حجي;2;;;;;;;;;;
;278-734;الكلام المنتقى مما يتعلق بكلمة التقوى للشيخ سعيد بن حجي;2;;;;;;;;;;
;278-735; حكم التزام مذهب معين (والانتقال من مذهب إلى آخر);2;;;;;;;;;;